asset_id,family,display_name,score_out_of_5,status,prototype_card,source_sheet
opera_architecture_grand_arch,architecture,Grand Arch,4.8,accepted,assets_src/concepts/opera_house_flat/cards/opera_architecture_grand_arch.png,assets_src/concepts/opera_house_flat/opera_house_architecture_kit_2026-07-21.png
opera_architecture_curved_balcony_fascia,architecture,Curved Balcony Fascia,4.8,accepted,assets_src/concepts/opera_house_flat/cards/opera_architecture_curved_balcony_fascia.png,assets_src/concepts/opera_house_flat/opera_house_architecture_kit_2026-07-21.png
opera_architecture_split_stair,architecture,Split Stair,4.8,accepted,assets_src/concepts/opera_house_flat/cards/opera_architecture_split_stair.png,assets_src/concepts/opera_house_flat/opera_house_architecture_kit_2026-07-21.png
opera_architecture_shell_balustrade,architecture,Shell Balustrade,4.8,accepted,assets_src/concepts/opera_house_flat/cards/opera_architecture_shell_balustrade.png,assets_src/concepts/opera_house_flat/opera_house_architecture_kit_2026-07-21.png
opera_architecture_column_and_pilaster,architecture,Column And Pilaster,4.8,accepted,assets_src/concepts/opera_house_flat/cards/opera_architecture_column_and_pilaster.png,assets_src/concepts/opera_house_flat/opera_house_architecture_kit_2026-07-21.png
opera_architecture_cove_cornice,architecture,Cove Cornice,4.8,accepted,assets_src/concepts/opera_house_flat/cards/opera_architecture_cove_cornice.png,assets_src/concepts/opera_house_flat/opera_house_architecture_kit_2026-07-21.png
opera_architecture_terrazzo_floor_tile,architecture,Terrazzo Floor Tile,4.8,accepted,assets_src/concepts/opera_house_flat/cards/opera_architecture_terrazzo_floor_tile.png,assets_src/concepts/opera_house_flat/opera_house_architecture_kit_2026-07-21.png
opera_architecture_carpet_runner_pair,architecture,Carpet Runner Pair,4.8,accepted,assets_src/concepts/opera_house_flat/cards/opera_architecture_carpet_runner_pair.png,assets_src/concepts/opera_house_flat/opera_house_architecture_kit_2026-07-21.png
opera_architecture_portal_closed,architecture,Portal Closed,4.8,accepted,assets_src/concepts/opera_house_flat/cards/opera_architecture_portal_closed.png,assets_src/concepts/opera_house_flat/opera_house_architecture_kit_2026-07-21.png
opera_architecture_portal_open,architecture,Portal Open,4.8,accepted,assets_src/concepts/opera_house_flat/cards/opera_architecture_portal_open.png,assets_src/concepts/opera_house_flat/opera_house_architecture_kit_2026-07-21.png
opera_architecture_medallion_states,architecture,Medallion States,4.8,accepted,assets_src/concepts/opera_house_flat/cards/opera_architecture_medallion_states.png,assets_src/concepts/opera_house_flat/opera_house_architecture_kit_2026-07-21.png
opera_architecture_bubble_lift,architecture,Bubble Lift,4.8,accepted,assets_src/concepts/opera_house_flat/cards/opera_architecture_bubble_lift.png,assets_src/concepts/opera_house_flat/opera_house_architecture_kit_2026-07-21.png
opera_front_of_house_ticket_booth,front_of_house,Ticket Booth,4.9,accepted,assets_src/concepts/opera_house_flat/cards/opera_front_of_house_ticket_booth.png,assets_src/concepts/opera_house_flat/opera_house_front_of_house_kit_2026-07-21.png
opera_front_of_house_usher_podium,front_of_house,Usher Podium,4.9,accepted,assets_src/concepts/opera_house_flat/cards/opera_front_of_house_usher_podium.png,assets_src/concepts/opera_house_flat/opera_house_front_of_house_kit_2026-07-21.png
opera_front_of_house_poster_case,front_of_house,Poster Case,4.9,accepted,assets_src/concepts/opera_house_flat/cards/opera_front_of_house_poster_case.png,assets_src/concepts/opera_house_flat/opera_house_front_of_house_kit_2026-07-21.png
opera_front_of_house_coat_check,front_of_house,Coat Check,4.9,accepted,assets_src/concepts/opera_house_flat/cards/opera_front_of_house_coat_check.png,assets_src/concepts/opera_house_flat/opera_house_front_of_house_kit_2026-07-21.png
opera_front_of_house_lobby_settee,front_of_house,Lobby Settee,4.9,accepted,assets_src/concepts/opera_house_flat/cards/opera_front_of_house_lobby_settee.png,assets_src/concepts/opera_house_flat/opera_house_front_of_house_kit_2026-07-21.png
opera_front_of_house_compact_lobby_chair,front_of_house,Compact Lobby Chair,4.9,accepted,assets_src/concepts/opera_house_flat/cards/opera_front_of_house_compact_lobby_chair.png,assets_src/concepts/opera_house_flat/opera_house_front_of_house_kit_2026-07-21.png
opera_front_of_house_chandelier,front_of_house,Chandelier,4.9,accepted,assets_src/concepts/opera_house_flat/cards/opera_front_of_house_chandelier.png,assets_src/concepts/opera_house_flat/opera_house_front_of_house_kit_2026-07-21.png
opera_front_of_house_wall_sconce,front_of_house,Wall Sconce,4.9,accepted,assets_src/concepts/opera_house_flat/cards/opera_front_of_house_wall_sconce.png,assets_src/concepts/opera_house_flat/opera_house_front_of_house_kit_2026-07-21.png
opera_front_of_house_potted_palm,front_of_house,Potted Palm,4.9,accepted,assets_src/concepts/opera_house_flat/cards/opera_front_of_house_potted_palm.png,assets_src/concepts/opera_house_flat/opera_house_front_of_house_kit_2026-07-21.png
opera_front_of_house_velvet_stanchions,front_of_house,Velvet Stanchions,4.9,accepted,assets_src/concepts/opera_house_flat/cards/opera_front_of_house_velvet_stanchions.png,assets_src/concepts/opera_house_flat/opera_house_front_of_house_kit_2026-07-21.png
opera_front_of_house_program_rack,front_of_house,Program Rack,4.9,accepted,assets_src/concepts/opera_house_flat/cards/opera_front_of_house_program_rack.png,assets_src/concepts/opera_house_flat/opera_house_front_of_house_kit_2026-07-21.png
opera_front_of_house_sweets_lemonade_cart,front_of_house,Sweets Lemonade Cart,4.9,accepted,assets_src/concepts/opera_house_flat/cards/opera_front_of_house_sweets_lemonade_cart.png,assets_src/concepts/opera_house_flat/opera_house_front_of_house_kit_2026-07-21.png
opera_front_of_house_lobby_clock,front_of_house,Lobby Clock,4.9,accepted,assets_src/concepts/opera_house_flat/cards/opera_front_of_house_lobby_clock.png,assets_src/concepts/opera_house_flat/opera_house_front_of_house_kit_2026-07-21.png
opera_front_of_house_umbrella_stand,front_of_house,Umbrella Stand,4.9,accepted,assets_src/concepts/opera_house_flat/cards/opera_front_of_house_umbrella_stand.png,assets_src/concepts/opera_house_flat/opera_house_front_of_house_kit_2026-07-21.png
opera_front_of_house_waste_bin,front_of_house,Waste Bin,4.9,accepted,assets_src/concepts/opera_house_flat/cards/opera_front_of_house_waste_bin.png,assets_src/concepts/opera_house_flat/opera_house_front_of_house_kit_2026-07-21.png
opera_front_of_house_egress_double_door,front_of_house,Egress Double Door,4.9,accepted,assets_src/concepts/opera_house_flat/cards/opera_front_of_house_egress_double_door.png,assets_src/concepts/opera_house_flat/opera_house_front_of_house_kit_2026-07-21.png
opera_lobby_furniture_curved_settee,lobby_furniture,Curved Settee,4.9,accepted,assets_src/concepts/opera_house_flat/cards/opera_lobby_furniture_curved_settee.png,assets_src/concepts/opera_house_flat/opera_house_lobby_furniture_kit_2026-07-21.png
opera_lobby_furniture_shell_back_chair_pair,lobby_furniture,Shell Back Chair Pair,4.9,accepted,assets_src/concepts/opera_house_flat/cards/opera_lobby_furniture_shell_back_chair_pair.png,assets_src/concepts/opera_house_flat/opera_house_lobby_furniture_kit_2026-07-21.png
opera_lobby_furniture_round_ottoman,lobby_furniture,Round Ottoman,4.9,accepted,assets_src/concepts/opera_house_flat/cards/opera_lobby_furniture_round_ottoman.png,assets_src/concepts/opera_house_flat/opera_house_lobby_furniture_kit_2026-07-21.png
opera_lobby_furniture_waiting_bench,lobby_furniture,Waiting Bench,4.9,accepted,assets_src/concepts/opera_house_flat/cards/opera_lobby_furniture_waiting_bench.png,assets_src/concepts/opera_house_flat/opera_house_lobby_furniture_kit_2026-07-21.png
opera_lobby_furniture_round_side_table,lobby_furniture,Round Side Table,4.9,accepted,assets_src/concepts/opera_house_flat/cards/opera_lobby_furniture_round_side_table.png,assets_src/concepts/opera_house_flat/opera_house_lobby_furniture_kit_2026-07-21.png
opera_lobby_furniture_console_table,lobby_furniture,Console Table,4.9,accepted,assets_src/concepts/opera_house_flat/cards/opera_lobby_furniture_console_table.png,assets_src/concepts/opera_house_flat/opera_house_lobby_furniture_kit_2026-07-21.png
opera_lobby_furniture_writing_desk,lobby_furniture,Writing Desk,4.9,accepted,assets_src/concepts/opera_house_flat/cards/opera_lobby_furniture_writing_desk.png,assets_src/concepts/opera_house_flat/opera_house_lobby_furniture_kit_2026-07-21.png
opera_lobby_furniture_cheval_mirror,lobby_furniture,Cheval Mirror,4.9,accepted,assets_src/concepts/opera_house_flat/cards/opera_lobby_furniture_cheval_mirror.png,assets_src/concepts/opera_house_flat/opera_house_lobby_furniture_kit_2026-07-21.png
opera_lobby_furniture_coat_hat_tree,lobby_furniture,Coat Hat Tree,4.9,accepted,assets_src/concepts/opera_house_flat/cards/opera_lobby_furniture_coat_hat_tree.png,assets_src/concepts/opera_house_flat/opera_house_lobby_furniture_kit_2026-07-21.png
opera_lobby_furniture_parcel_bench,lobby_furniture,Parcel Bench,4.9,accepted,assets_src/concepts/opera_house_flat/cards/opera_lobby_furniture_parcel_bench.png,assets_src/concepts/opera_house_flat/opera_house_lobby_furniture_kit_2026-07-21.png
opera_lobby_furniture_nesting_table_pair,lobby_furniture,Nesting Table Pair,4.9,accepted,assets_src/concepts/opera_house_flat/cards/opera_lobby_furniture_nesting_table_pair.png,assets_src/concepts/opera_house_flat/opera_house_lobby_furniture_kit_2026-07-21.png
opera_lobby_furniture_window_seat,lobby_furniture,Window Seat,4.9,accepted,assets_src/concepts/opera_house_flat/cards/opera_lobby_furniture_window_seat.png,assets_src/concepts/opera_house_flat/opera_house_lobby_furniture_kit_2026-07-21.png
opera_lobby_furniture_conversation_banquette,lobby_furniture,Conversation Banquette,4.9,accepted,assets_src/concepts/opera_house_flat/cards/opera_lobby_furniture_conversation_banquette.png,assets_src/concepts/opera_house_flat/opera_house_lobby_furniture_kit_2026-07-21.png
opera_lobby_furniture_balcony_alcove_bench,lobby_furniture,Balcony Alcove Bench,4.9,accepted,assets_src/concepts/opera_house_flat/cards/opera_lobby_furniture_balcony_alcove_bench.png,assets_src/concepts/opera_house_flat/opera_house_lobby_furniture_kit_2026-07-21.png
opera_lobby_furniture_drinks_table,lobby_furniture,Drinks Table,4.9,accepted,assets_src/concepts/opera_house_flat/cards/opera_lobby_furniture_drinks_table.png,assets_src/concepts/opera_house_flat/opera_house_lobby_furniture_kit_2026-07-21.png
opera_lobby_furniture_parcel_trolley,lobby_furniture,Parcel Trolley,4.9,accepted,assets_src/concepts/opera_house_flat/cards/opera_lobby_furniture_parcel_trolley.png,assets_src/concepts/opera_house_flat/opera_house_lobby_furniture_kit_2026-07-21.png
opera_lobby_services_ticket_kiosk,lobby_services,Ticket Kiosk,4.8,accepted,assets_src/concepts/opera_house_flat/cards/opera_lobby_services_ticket_kiosk.png,assets_src/concepts/opera_house_flat/opera_house_lobby_services_kit_2026-07-21.png
opera_lobby_services_ticket_token_pedestal,lobby_services,Ticket Token Pedestal,4.8,accepted,assets_src/concepts/opera_house_flat/cards/opera_lobby_services_ticket_token_pedestal.png,assets_src/concepts/opera_house_flat/opera_house_lobby_services_kit_2026-07-21.png
opera_lobby_services_coat_check_counter,lobby_services,Coat Check Counter,4.8,accepted,assets_src/concepts/opera_house_flat/cards/opera_lobby_services_coat_check_counter.png,assets_src/concepts/opera_house_flat/opera_house_lobby_services_kit_2026-07-21.png
opera_lobby_services_umbrella_parcel_check,lobby_services,Umbrella Parcel Check,4.8,accepted,assets_src/concepts/opera_house_flat/cards/opera_lobby_services_umbrella_parcel_check.png,assets_src/concepts/opera_house_flat/opera_house_lobby_services_kit_2026-07-21.png
opera_lobby_services_flower_kiosk,lobby_services,Flower Kiosk,4.8,accepted,assets_src/concepts/opera_house_flat/cards/opera_lobby_services_flower_kiosk.png,assets_src/concepts/opera_house_flat/opera_house_lobby_services_kit_2026-07-21.png
opera_lobby_services_sweets_counter,lobby_services,Sweets Counter,4.8,accepted,assets_src/concepts/opera_house_flat/cards/opera_lobby_services_sweets_counter.png,assets_src/concepts/opera_house_flat/opera_house_lobby_services_kit_2026-07-21.png
opera_lobby_services_lemonade_water_cart,lobby_services,Lemonade Water Cart,4.8,accepted,assets_src/concepts/opera_house_flat/cards/opera_lobby_services_lemonade_water_cart.png,assets_src/concepts/opera_house_flat/opera_house_lobby_services_kit_2026-07-21.png
opera_lobby_services_program_fan_rack,lobby_services,Program Fan Rack,4.8,accepted,assets_src/concepts/opera_house_flat/cards/opera_lobby_services_program_fan_rack.png,assets_src/concepts/opera_house_flat/opera_house_lobby_services_kit_2026-07-21.png
opera_lobby_services_usher_station,lobby_services,Usher Station,4.8,accepted,assets_src/concepts/opera_house_flat/cards/opera_lobby_services_usher_station.png,assets_src/concepts/opera_house_flat/opera_house_lobby_services_kit_2026-07-21.png
opera_lobby_services_lost_found_chest,lobby_services,Lost Found Chest,4.8,accepted,assets_src/concepts/opera_house_flat/cards/opera_lobby_services_lost_found_chest.png,assets_src/concepts/opera_house_flat/opera_house_lobby_services_kit_2026-07-21.png
opera_lobby_services_drinking_fountain,lobby_services,Drinking Fountain,4.8,accepted,assets_src/concepts/opera_house_flat/cards/opera_lobby_services_drinking_fountain.png,assets_src/concepts/opera_house_flat/opera_house_lobby_services_kit_2026-07-21.png
opera_lobby_services_handwashing_bubble_markers,lobby_services,Handwashing Bubble Markers,4.8,accepted,assets_src/concepts/opera_house_flat/cards/opera_lobby_services_handwashing_bubble_markers.png,assets_src/concepts/opera_house_flat/opera_house_lobby_services_kit_2026-07-21.png
opera_lobby_services_first_aid_cabinet,lobby_services,First Aid Cabinet,4.8,accepted,assets_src/concepts/opera_house_flat/cards/opera_lobby_services_first_aid_cabinet.png,assets_src/concepts/opera_house_flat/opera_house_lobby_services_kit_2026-07-21.png
opera_lobby_services_child_cloak_shelf,lobby_services,Child Cloak Shelf,4.8,accepted,assets_src/concepts/opera_house_flat/cards/opera_lobby_services_child_cloak_shelf.png,assets_src/concepts/opera_house_flat/opera_house_lobby_services_kit_2026-07-21.png
opera_lobby_services_florist_cart,lobby_services,Florist Cart,4.8,accepted,assets_src/concepts/opera_house_flat/cards/opera_lobby_services_florist_cart.png,assets_src/concepts/opera_house_flat/opera_house_lobby_services_kit_2026-07-21.png
opera_lobby_services_cleaning_trolley,lobby_services,Cleaning Trolley,4.8,accepted,assets_src/concepts/opera_house_flat/cards/opera_lobby_services_cleaning_trolley.png,assets_src/concepts/opera_house_flat/opera_house_lobby_services_kit_2026-07-21.png
opera_lobby_decor_electric_ember_fireplace,lobby_decor,Electric Ember Fireplace,4.9,accepted,assets_src/concepts/opera_house_flat/cards/opera_lobby_decor_electric_ember_fireplace.png,assets_src/concepts/opera_house_flat/opera_house_lobby_architectural_decor_kit_2026-07-21.png
opera_lobby_decor_costume_vitrine,lobby_decor,Costume Vitrine,4.9,accepted,assets_src/concepts/opera_house_flat/cards/opera_lobby_decor_costume_vitrine.png,assets_src/concepts/opera_house_flat/opera_house_lobby_architectural_decor_kit_2026-07-21.png
opera_lobby_decor_prop_vitrine,lobby_decor,Prop Vitrine,4.9,accepted,assets_src/concepts/opera_house_flat/cards/opera_lobby_decor_prop_vitrine.png,assets_src/concepts/opera_house_flat/opera_house_lobby_architectural_decor_kit_2026-07-21.png
opera_lobby_decor_shell_muse_sculpture,lobby_decor,Shell Muse Sculpture,4.9,accepted,assets_src/concepts/opera_house_flat/cards/opera_lobby_decor_shell_muse_sculpture.png,assets_src/concepts/opera_house_flat/opera_house_lobby_architectural_decor_kit_2026-07-21.png
opera_lobby_decor_fan_shell_mirror,lobby_decor,Fan Shell Mirror,4.9,accepted,assets_src/concepts/opera_house_flat/cards/opera_lobby_decor_fan_shell_mirror.png,assets_src/concepts/opera_house_flat/opera_house_lobby_architectural_decor_kit_2026-07-21.png
opera_lobby_decor_window_drapes,lobby_decor,Window Drapes,4.9,accepted,assets_src/concepts/opera_house_flat/cards/opera_lobby_decor_window_drapes.png,assets_src/concepts/opera_house_flat/opera_house_lobby_architectural_decor_kit_2026-07-21.png
opera_lobby_decor_wall_panel,lobby_decor,Wall Panel,4.9,accepted,assets_src/concepts/opera_house_flat/cards/opera_lobby_decor_wall_panel.png,assets_src/concepts/opera_house_flat/opera_house_lobby_architectural_decor_kit_2026-07-21.png
opera_lobby_decor_cove_inside_corner,lobby_decor,Cove Inside Corner,4.9,accepted,assets_src/concepts/opera_house_flat/cards/opera_lobby_decor_cove_inside_corner.png,assets_src/concepts/opera_house_flat/opera_house_lobby_architectural_decor_kit_2026-07-21.png
opera_lobby_decor_ceiling_medallion,lobby_decor,Ceiling Medallion,4.9,accepted,assets_src/concepts/opera_house_flat/cards/opera_lobby_decor_ceiling_medallion.png,assets_src/concepts/opera_house_flat/opera_house_lobby_architectural_decor_kit_2026-07-21.png
opera_lobby_decor_floor_urn_fronds,lobby_decor,Floor Urn Fronds,4.9,accepted,assets_src/concepts/opera_house_flat/cards/opera_lobby_decor_floor_urn_fronds.png,assets_src/concepts/opera_house_flat/opera_house_lobby_architectural_decor_kit_2026-07-21.png
opera_lobby_decor_numeral_free_lobby_clock,lobby_decor,Numeral Free Lobby Clock,4.9,accepted,assets_src/concepts/opera_house_flat/cards/opera_lobby_decor_numeral_free_lobby_clock.png,assets_src/concepts/opera_house_flat/opera_house_lobby_architectural_decor_kit_2026-07-21.png
opera_lobby_decor_terrazzo_pearl_rosette,lobby_decor,Terrazzo Pearl Rosette,4.9,accepted,assets_src/concepts/opera_house_flat/cards/opera_lobby_decor_terrazzo_pearl_rosette.png,assets_src/concepts/opera_house_flat/opera_house_lobby_architectural_decor_kit_2026-07-21.png
opera_lobby_decor_carpet_junction_set,lobby_decor,Carpet Junction Set,4.9,accepted,assets_src/concepts/opera_house_flat/cards/opera_lobby_decor_carpet_junction_set.png,assets_src/concepts/opera_house_flat/opera_house_lobby_architectural_decor_kit_2026-07-21.png
opera_lobby_decor_balcony_alcove_bench,lobby_decor,Balcony Alcove Bench,4.9,accepted,assets_src/concepts/opera_house_flat/cards/opera_lobby_decor_balcony_alcove_bench.png,assets_src/concepts/opera_house_flat/opera_house_lobby_architectural_decor_kit_2026-07-21.png
opera_lobby_decor_arched_landing_connector,lobby_decor,Arched Landing Connector,4.9,accepted,assets_src/concepts/opera_house_flat/cards/opera_lobby_decor_arched_landing_connector.png,assets_src/concepts/opera_house_flat/opera_house_lobby_architectural_decor_kit_2026-07-21.png
opera_lobby_decor_accessibility_ramp,lobby_decor,Accessibility Ramp,4.9,accepted,assets_src/concepts/opera_house_flat/cards/opera_lobby_decor_accessibility_ramp.png,assets_src/concepts/opera_house_flat/opera_house_lobby_architectural_decor_kit_2026-07-21.png
opera_upper_access_stair_gate_locked,upper_access,Stair Gate Locked,4.9,accepted,assets_src/concepts/opera_house_flat/cards/opera_upper_access_stair_gate_locked.png,assets_src/concepts/opera_house_flat/opera_house_upper_floor_access_kit_2026-07-21.png
opera_upper_access_stair_gate_open,upper_access,Stair Gate Open,4.9,accepted,assets_src/concepts/opera_house_flat/cards/opera_upper_access_stair_gate_open.png,assets_src/concepts/opera_house_flat/opera_house_upper_floor_access_kit_2026-07-21.png
opera_upper_access_balcony_gate_locked,upper_access,Balcony Gate Locked,4.9,accepted,assets_src/concepts/opera_house_flat/cards/opera_upper_access_balcony_gate_locked.png,assets_src/concepts/opera_house_flat/opera_house_upper_floor_access_kit_2026-07-21.png
opera_upper_access_balcony_gate_open,upper_access,Balcony Gate Open,4.9,accepted,assets_src/concepts/opera_house_flat/cards/opera_upper_access_balcony_gate_open.png,assets_src/concepts/opera_house_flat/opera_house_upper_floor_access_kit_2026-07-21.png
opera_upper_access_bubble_lift_locked,upper_access,Bubble Lift Locked,4.9,accepted,assets_src/concepts/opera_house_flat/cards/opera_upper_access_bubble_lift_locked.png,assets_src/concepts/opera_house_flat/opera_house_upper_floor_access_kit_2026-07-21.png
opera_upper_access_bubble_lift_ready,upper_access,Bubble Lift Ready,4.9,accepted,assets_src/concepts/opera_house_flat/cards/opera_upper_access_bubble_lift_ready.png,assets_src/concepts/opera_house_flat/opera_house_upper_floor_access_kit_2026-07-21.png
opera_upper_access_pearl_totem_empty,upper_access,Pearl Totem Empty,4.9,accepted,assets_src/concepts/opera_house_flat/cards/opera_upper_access_pearl_totem_empty.png,assets_src/concepts/opera_house_flat/opera_house_upper_floor_access_kit_2026-07-21.png
opera_upper_access_pearl_totem_full,upper_access,Pearl Totem Full,4.9,accepted,assets_src/concepts/opera_house_flat/cards/opera_upper_access_pearl_totem_full.png,assets_src/concepts/opera_house_flat/opera_house_upper_floor_access_kit_2026-07-21.png
opera_upper_access_floor_selector_ground,upper_access,Floor Selector Ground,4.9,accepted,assets_src/concepts/opera_house_flat/cards/opera_upper_access_floor_selector_ground.png,assets_src/concepts/opera_house_flat/opera_house_upper_floor_access_kit_2026-07-21.png
opera_upper_access_floor_selector_middle,upper_access,Floor Selector Middle,4.9,accepted,assets_src/concepts/opera_house_flat/cards/opera_upper_access_floor_selector_middle.png,assets_src/concepts/opera_house_flat/opera_house_upper_floor_access_kit_2026-07-21.png
opera_upper_access_floor_selector_full,upper_access,Floor Selector Full,4.9,accepted,assets_src/concepts/opera_house_flat/cards/opera_upper_access_floor_selector_full.png,assets_src/concepts/opera_house_flat/opera_house_upper_floor_access_kit_2026-07-21.png
opera_upper_access_act_portal_locked,upper_access,Act Portal Locked,4.9,accepted,assets_src/concepts/opera_house_flat/cards/opera_upper_access_act_portal_locked.png,assets_src/concepts/opera_house_flat/opera_house_upper_floor_access_kit_2026-07-21.png
opera_upper_access_act_portal_open,upper_access,Act Portal Open,4.9,accepted,assets_src/concepts/opera_house_flat/cards/opera_upper_access_act_portal_open.png,assets_src/concepts/opera_house_flat/opera_house_upper_floor_access_kit_2026-07-21.png
opera_upper_access_shell_clasp_closed,upper_access,Shell Clasp Closed,4.9,accepted,assets_src/concepts/opera_house_flat/cards/opera_upper_access_shell_clasp_closed.png,assets_src/concepts/opera_house_flat/opera_house_upper_floor_access_kit_2026-07-21.png
opera_upper_access_shell_clasp_open,upper_access,Shell Clasp Open,4.9,accepted,assets_src/concepts/opera_house_flat/cards/opera_upper_access_shell_clasp_open.png,assets_src/concepts/opera_house_flat/opera_house_upper_floor_access_kit_2026-07-21.png
opera_upper_access_unlock_effect,upper_access,Unlock Effect,4.9,accepted,assets_src/concepts/opera_house_flat/cards/opera_upper_access_unlock_effect.png,assets_src/concepts/opera_house_flat/opera_house_upper_floor_access_kit_2026-07-21.png
opera_stage_elliptical_proscenium,stage,Elliptical Proscenium,4.9,accepted,assets_src/concepts/opera_house_flat/cards/opera_stage_elliptical_proscenium.png,assets_src/concepts/opera_house_flat/opera_house_stage_backstage_kit_2026-07-21.png
opera_stage_house_curtain_states,stage,House Curtain States,4.9,accepted,assets_src/concepts/opera_house_flat/cards/opera_stage_house_curtain_states.png,assets_src/concepts/opera_house_flat/opera_house_stage_backstage_kit_2026-07-21.png
opera_stage_stage_apron_footlights,stage,Stage Apron Footlights,4.9,accepted,assets_src/concepts/opera_house_flat/cards/opera_stage_stage_apron_footlights.png,assets_src/concepts/opera_house_flat/opera_house_stage_backstage_kit_2026-07-21.png
opera_stage_orchestra_pit,stage,Orchestra Pit,4.9,accepted,assets_src/concepts/opera_house_flat/cards/opera_stage_orchestra_pit.png,assets_src/concepts/opera_house_flat/opera_house_stage_backstage_kit_2026-07-21.png
opera_stage_orchestra_bench,stage,Orchestra Bench,4.9,accepted,assets_src/concepts/opera_house_flat/cards/opera_stage_orchestra_bench.png,assets_src/concepts/opera_house_flat/opera_house_stage_backstage_kit_2026-07-21.png
opera_stage_side_box,stage,Side Box,4.9,accepted,assets_src/concepts/opera_house_flat/cards/opera_stage_side_box.png,assets_src/concepts/opera_house_flat/opera_house_stage_backstage_kit_2026-07-21.png
opera_stage_scenic_backdrop,stage,Scenic Backdrop,4.9,accepted,assets_src/concepts/opera_house_flat/cards/opera_stage_scenic_backdrop.png,assets_src/concepts/opera_house_flat/opera_house_stage_backstage_kit_2026-07-21.png
opera_stage_rolling_wing_flats,stage,Rolling Wing Flats,4.9,accepted,assets_src/concepts/opera_house_flat/cards/opera_stage_rolling_wing_flats.png,assets_src/concepts/opera_house_flat/opera_house_stage_backstage_kit_2026-07-21.png
opera_stage_follow_spotlight,stage,Follow Spotlight,4.9,accepted,assets_src/concepts/opera_house_flat/cards/opera_stage_follow_spotlight.png,assets_src/concepts/opera_house_flat/opera_house_stage_backstage_kit_2026-07-21.png
opera_stage_fly_rail_wall,stage,Fly Rail Wall,4.9,accepted,assets_src/concepts/opera_house_flat/cards/opera_stage_fly_rail_wall.png,assets_src/concepts/opera_house_flat/opera_house_stage_backstage_kit_2026-07-21.png
opera_stage_counterweight_cart,stage,Counterweight Cart,4.9,accepted,assets_src/concepts/opera_house_flat/cards/opera_stage_counterweight_cart.png,assets_src/concepts/opera_house_flat/opera_house_stage_backstage_kit_2026-07-21.png
opera_stage_backstage_crates,stage,Backstage Crates,4.9,accepted,assets_src/concepts/opera_house_flat/cards/opera_stage_backstage_crates.png,assets_src/concepts/opera_house_flat/opera_house_stage_backstage_kit_2026-07-21.png
opera_stage_costume_rack,stage,Costume Rack,4.9,accepted,assets_src/concepts/opera_house_flat/cards/opera_stage_costume_rack.png,assets_src/concepts/opera_house_flat/opera_house_stage_backstage_kit_2026-07-21.png
opera_stage_backstage_worktable,stage,Backstage Worktable,4.9,accepted,assets_src/concepts/opera_house_flat/cards/opera_stage_backstage_worktable.png,assets_src/concepts/opera_house_flat/opera_house_stage_backstage_kit_2026-07-21.png
opera_stage_callboard_clock_sconce,stage,Callboard Clock Sconce,4.9,accepted,assets_src/concepts/opera_house_flat/cards/opera_stage_callboard_clock_sconce.png,assets_src/concepts/opera_house_flat/opera_house_stage_backstage_kit_2026-07-21.png
opera_stage_podium_music_stand,stage,Podium Music Stand,4.9,accepted,assets_src/concepts/opera_house_flat/cards/opera_stage_podium_music_stand.png,assets_src/concepts/opera_house_flat/opera_house_stage_backstage_kit_2026-07-21.png
opera_floor1_cake_trio,floor1,Cake Trio,4.9,accepted,assets_src/concepts/opera_house_flat/cards/opera_floor1_cake_trio.png,assets_src/concepts/opera_house_flat/opera_house_floor1_act_props_2026-07-21.png
opera_floor1_mixing_bowl_whisk,floor1,Mixing Bowl Whisk,4.9,accepted,assets_src/concepts/opera_house_flat/cards/opera_floor1_mixing_bowl_whisk.png,assets_src/concepts/opera_house_flat/opera_house_floor1_act_props_2026-07-21.png
opera_floor1_recipe_pictogram_chef_hat,floor1,Recipe Pictogram Chef Hat,4.9,accepted,assets_src/concepts/opera_house_flat/cards/opera_floor1_recipe_pictogram_chef_hat.png,assets_src/concepts/opera_house_flat/opera_house_floor1_act_props_2026-07-21.png
opera_floor1_shell_oven,floor1,Shell Oven,4.9,accepted,assets_src/concepts/opera_house_flat/cards/opera_floor1_shell_oven.png,assets_src/concepts/opera_house_flat/opera_house_floor1_act_props_2026-07-21.png
opera_floor1_topping_set,floor1,Topping Set,4.9,accepted,assets_src/concepts/opera_house_flat/cards/opera_floor1_topping_set.png,assets_src/concepts/opera_house_flat/opera_house_floor1_act_props_2026-07-21.png
opera_floor1_detective_clue_trio,floor1,Detective Clue Trio,4.9,accepted,assets_src/concepts/opera_house_flat/cards/opera_floor1_detective_clue_trio.png,assets_src/concepts/opera_house_flat/opera_house_floor1_act_props_2026-07-21.png
opera_floor1_treasure_tiara,floor1,Treasure Tiara,4.9,accepted,assets_src/concepts/opera_house_flat/cards/opera_floor1_treasure_tiara.png,assets_src/concepts/opera_house_flat/opera_house_floor1_act_props_2026-07-21.png
opera_floor1_magnifier_searchlight,floor1,Magnifier Searchlight,4.9,accepted,assets_src/concepts/opera_house_flat/cards/opera_floor1_magnifier_searchlight.png,assets_src/concepts/opera_house_flat/opera_house_floor1_act_props_2026-07-21.png
opera_floor1_dance_floor_tiles,floor1,Dance Floor Tiles,4.9,accepted,assets_src/concepts/opera_house_flat/cards/opera_floor1_dance_floor_tiles.png,assets_src/concepts/opera_house_flat/opera_house_floor1_act_props_2026-07-21.png
opera_floor1_tutu_mirror_ball,floor1,Tutu Mirror Ball,4.9,accepted,assets_src/concepts/opera_house_flat/cards/opera_floor1_tutu_mirror_ball.png,assets_src/concepts/opera_house_flat/opera_house_floor1_act_props_2026-07-21.png
opera_floor1_candy_press,floor1,Candy Press,4.9,accepted,assets_src/concepts/opera_house_flat/cards/opera_floor1_candy_press.png,assets_src/concepts/opera_house_flat/opera_house_floor1_act_props_2026-07-21.png
opera_floor1_candy_gauge,floor1,Candy Gauge,4.9,accepted,assets_src/concepts/opera_house_flat/cards/opera_floor1_candy_gauge.png,assets_src/concepts/opera_house_flat/opera_house_floor1_act_props_2026-07-21.png
opera_floor1_candy_shelf,floor1,Candy Shelf,4.9,accepted,assets_src/concepts/opera_house_flat/cards/opera_floor1_candy_shelf.png,assets_src/concepts/opera_house_flat/opera_house_floor1_act_props_2026-07-21.png
opera_floor1_curtain_dragon,floor1,Curtain Dragon,4.9,accepted,assets_src/concepts/opera_house_flat/cards/opera_floor1_curtain_dragon.png,assets_src/concepts/opera_house_flat/opera_house_floor1_act_props_2026-07-21.png
opera_floor1_curtain_slot_set,floor1,Curtain Slot Set,4.9,accepted,assets_src/concepts/opera_house_flat/cards/opera_floor1_curtain_slot_set.png,assets_src/concepts/opera_house_flat/opera_house_floor1_act_props_2026-07-21.png
opera_floor1_sparkle_bubble_confetti,floor1,Sparkle Bubble Confetti,4.9,accepted,assets_src/concepts/opera_house_flat/cards/opera_floor1_sparkle_bubble_confetti.png,assets_src/concepts/opera_house_flat/opera_house_floor1_act_props_2026-07-21.png
opera_floor2_starfish_emotion_pair,floor2,Starfish Emotion Pair,4.8,accepted,assets_src/concepts/opera_house_flat/cards/opera_floor2_starfish_emotion_pair.png,assets_src/concepts/opera_house_flat/opera_house_floor2_act_props_2026-07-21.png
opera_floor2_stethoscope,floor2,Stethoscope,4.8,accepted,assets_src/concepts/opera_house_flat/cards/opera_floor2_stethoscope.png,assets_src/concepts/opera_house_flat/opera_house_floor2_act_props_2026-07-21.png
opera_floor2_thermometer_heart_effects,floor2,Thermometer Heart Effects,4.8,accepted,assets_src/concepts/opera_house_flat/cards/opera_floor2_thermometer_heart_effects.png,assets_src/concepts/opera_house_flat/opera_house_floor2_act_props_2026-07-21.png
opera_floor2_bandage_set,floor2,Bandage Set,4.8,accepted,assets_src/concepts/opera_house_flat/cards/opera_floor2_bandage_set.png,assets_src/concepts/opera_house_flat/opera_house_floor2_act_props_2026-07-21.png
opera_floor2_meadow_parallax,floor2,Meadow Parallax,4.8,accepted,assets_src/concepts/opera_house_flat/cards/opera_floor2_meadow_parallax.png,assets_src/concepts/opera_house_flat/opera_house_floor2_act_props_2026-07-21.png
opera_floor2_piggy_pose_set,floor2,Piggy Pose Set,4.8,accepted,assets_src/concepts/opera_house_flat/cards/opera_floor2_piggy_pose_set.png,assets_src/concepts/opera_house_flat/opera_house_floor2_act_props_2026-07-21.png
opera_floor2_snack_basket,floor2,Snack Basket,4.8,accepted,assets_src/concepts/opera_house_flat/cards/opera_floor2_snack_basket.png,assets_src/concepts/opera_house_flat/opera_house_floor2_act_props_2026-07-21.png
opera_floor2_barn_mud_set,floor2,Barn Mud Set,4.8,accepted,assets_src/concepts/opera_house_flat/cards/opera_floor2_barn_mud_set.png,assets_src/concepts/opera_house_flat/opera_house_floor2_act_props_2026-07-21.png
opera_floor2_boxing_corner,floor2,Boxing Corner,4.8,accepted,assets_src/concepts/opera_house_flat/cards/opera_floor2_boxing_corner.png,assets_src/concepts/opera_house_flat/opera_house_floor2_act_props_2026-07-21.png
opera_floor2_gloves_belt,floor2,Gloves Belt,4.8,accepted,assets_src/concepts/opera_house_flat/cards/opera_floor2_gloves_belt.png,assets_src/concepts/opera_house_flat/opera_house_floor2_act_props_2026-07-21.png
opera_floor2_bell_progress_drum,floor2,Bell Progress Drum,4.8,accepted,assets_src/concepts/opera_house_flat/cards/opera_floor2_bell_progress_drum.png,assets_src/concepts/opera_house_flat/opera_house_floor2_act_props_2026-07-21.png
opera_floor2_hat_trio,floor2,Hat Trio,4.8,accepted,assets_src/concepts/opera_house_flat/cards/opera_floor2_hat_trio.png,assets_src/concepts/opera_house_flat/opera_house_floor2_act_props_2026-07-21.png
opera_floor2_bunny_fish_pose_set,floor2,Bunny Fish Pose Set,4.8,accepted,assets_src/concepts/opera_house_flat/cards/opera_floor2_bunny_fish_pose_set.png,assets_src/concepts/opera_house_flat/opera_house_floor2_act_props_2026-07-21.png
opera_floor2_wand_ribbon_effects,floor2,Wand Ribbon Effects,4.8,accepted,assets_src/concepts/opera_house_flat/cards/opera_floor2_wand_ribbon_effects.png,assets_src/concepts/opera_house_flat/opera_house_floor2_act_props_2026-07-21.png
opera_floor2_phantom_puppet,floor2,Phantom Puppet,4.8,accepted,assets_src/concepts/opera_house_flat/cards/opera_floor2_phantom_puppet.png,assets_src/concepts/opera_house_flat/opera_house_floor2_act_props_2026-07-21.png
opera_floor2_lantern_beam_bow_set,floor2,Lantern Beam Bow Set,4.8,accepted,assets_src/concepts/opera_house_flat/cards/opera_floor2_lantern_beam_bow_set.png,assets_src/concepts/opera_house_flat/opera_house_floor2_act_props_2026-07-21.png
opera_floor3_paint_pot_set,floor3,Paint Pot Set,4.9,accepted,assets_src/concepts/opera_house_flat/cards/opera_floor3_paint_pot_set.png,assets_src/concepts/opera_house_flat/opera_house_floor3_act_props_2026-07-21.png
opera_floor3_brush_action_set,floor3,Brush Action Set,4.9,accepted,assets_src/concepts/opera_house_flat/cards/opera_floor3_brush_action_set.png,assets_src/concepts/opera_house_flat/opera_house_floor3_act_props_2026-07-21.png
opera_floor3_sunrise_reveal_set,floor3,Sunrise Reveal Set,4.9,accepted,assets_src/concepts/opera_house_flat/cards/opera_floor3_sunrise_reveal_set.png,assets_src/concepts/opera_house_flat/opera_house_floor3_act_props_2026-07-21.png
opera_floor3_artist_costume_set,floor3,Artist Costume Set,4.9,accepted,assets_src/concepts/opera_house_flat/cards/opera_floor3_artist_costume_set.png,assets_src/concepts/opera_house_flat/opera_house_floor3_act_props_2026-07-21.png
opera_floor3_bubble_tank,floor3,Bubble Tank,4.9,accepted,assets_src/concepts/opera_house_flat/cards/opera_floor3_bubble_tank.png,assets_src/concepts/opera_house_flat/opera_house_floor3_act_props_2026-07-21.png
opera_floor3_pearl_rocket,floor3,Pearl Rocket,4.9,accepted,assets_src/concepts/opera_house_flat/cards/opera_floor3_pearl_rocket.png,assets_src/concepts/opera_house_flat/opera_house_floor3_act_props_2026-07-21.png
opera_floor3_pipe_trio,floor3,Pipe Trio,4.9,accepted,assets_src/concepts/opera_house_flat/cards/opera_floor3_pipe_trio.png,assets_src/concepts/opera_house_flat/opera_house_floor3_act_props_2026-07-21.png
opera_floor3_ghost_engine_set,floor3,Ghost Engine Set,4.9,accepted,assets_src/concepts/opera_house_flat/cards/opera_floor3_ghost_engine_set.png,assets_src/concepts/opera_house_flat/opera_house_floor3_act_props_2026-07-21.png
opera_floor3_opera_kart,floor3,Opera Kart,4.9,accepted,assets_src/concepts/opera_house_flat/cards/opera_floor3_opera_kart.png,assets_src/concepts/opera_house_flat/opera_house_floor3_act_props_2026-07-21.png
opera_floor3_finish_flag_gantry,floor3,Finish Flag Gantry,4.9,accepted,assets_src/concepts/opera_house_flat/cards/opera_floor3_finish_flag_gantry.png,assets_src/concepts/opera_house_flat/opera_house_floor3_act_props_2026-07-21.png
opera_floor3_grandstand_banner,floor3,Grandstand Banner,4.9,accepted,assets_src/concepts/opera_house_flat/cards/opera_floor3_grandstand_banner.png,assets_src/concepts/opera_house_flat/opera_house_floor3_act_props_2026-07-21.png
opera_floor3_microphone,floor3,Microphone,4.9,accepted,assets_src/concepts/opera_house_flat/cards/opera_floor3_microphone.png,assets_src/concepts/opera_house_flat/opera_house_floor3_act_props_2026-07-21.png
opera_floor3_dance_pose_frame,floor3,Dance Pose Frame,4.9,accepted,assets_src/concepts/opera_house_flat/cards/opera_floor3_dance_pose_frame.png,assets_src/concepts/opera_house_flat/opera_house_floor3_act_props_2026-07-21.png
opera_floor3_shell_glasses_cape,floor3,Shell Glasses Cape,4.9,accepted,assets_src/concepts/opera_house_flat/cards/opera_floor3_shell_glasses_cape.png,assets_src/concepts/opera_house_flat/opera_house_floor3_act_props_2026-07-21.png
opera_floor3_maestro_puppet,floor3,Maestro Puppet,4.9,accepted,assets_src/concepts/opera_house_flat/cards/opera_floor3_maestro_puppet.png,assets_src/concepts/opera_house_flat/opera_house_floor3_act_props_2026-07-21.png
opera_floor3_finale_podium_effects,floor3,Finale Podium Effects,4.9,accepted,assets_src/concepts/opera_house_flat/cards/opera_floor3_finale_podium_effects.png,assets_src/concepts/opera_house_flat/opera_house_floor3_act_props_2026-07-21.png
opera_crest_chef,crest,Chef,4.9,accepted,assets_src/concepts/opera_house_flat/cards/opera_crest_chef.png,assets_src/concepts/opera_house_flat/opera_house_crest_wayfinding_kit_2026-07-21.png
opera_crest_detective,crest,Detective,4.9,accepted,assets_src/concepts/opera_house_flat/cards/opera_crest_detective.png,assets_src/concepts/opera_house_flat/opera_house_crest_wayfinding_kit_2026-07-21.png
opera_crest_ballerina,crest,Ballerina,4.9,accepted,assets_src/concepts/opera_house_flat/cards/opera_crest_ballerina.png,assets_src/concepts/opera_house_flat/opera_house_crest_wayfinding_kit_2026-07-21.png
opera_crest_candy,crest,Candy,4.9,accepted,assets_src/concepts/opera_house_flat/cards/opera_crest_candy.png,assets_src/concepts/opera_house_flat/opera_house_crest_wayfinding_kit_2026-07-21.png
opera_crest_dragon,crest,Dragon,4.9,accepted,assets_src/concepts/opera_house_flat/cards/opera_crest_dragon.png,assets_src/concepts/opera_house_flat/opera_house_crest_wayfinding_kit_2026-07-21.png
opera_crest_doctor,crest,Doctor,4.9,accepted,assets_src/concepts/opera_house_flat/cards/opera_crest_doctor.png,assets_src/concepts/opera_house_flat/opera_house_crest_wayfinding_kit_2026-07-21.png
opera_crest_farmer,crest,Farmer,4.9,accepted,assets_src/concepts/opera_house_flat/cards/opera_crest_farmer.png,assets_src/concepts/opera_house_flat/opera_house_crest_wayfinding_kit_2026-07-21.png
opera_crest_boxer,crest,Boxer,4.9,accepted,assets_src/concepts/opera_house_flat/cards/opera_crest_boxer.png,assets_src/concepts/opera_house_flat/opera_house_crest_wayfinding_kit_2026-07-21.png
opera_crest_magician,crest,Magician,4.9,accepted,assets_src/concepts/opera_house_flat/cards/opera_crest_magician.png,assets_src/concepts/opera_house_flat/opera_house_crest_wayfinding_kit_2026-07-21.png
opera_crest_phantom,crest,Phantom,4.9,accepted,assets_src/concepts/opera_house_flat/cards/opera_crest_phantom.png,assets_src/concepts/opera_house_flat/opera_house_crest_wayfinding_kit_2026-07-21.png
opera_crest_painter,crest,Painter,4.9,accepted,assets_src/concepts/opera_house_flat/cards/opera_crest_painter.png,assets_src/concepts/opera_house_flat/opera_house_crest_wayfinding_kit_2026-07-21.png
opera_crest_engineer,crest,Engineer,4.9,accepted,assets_src/concepts/opera_house_flat/cards/opera_crest_engineer.png,assets_src/concepts/opera_house_flat/opera_house_crest_wayfinding_kit_2026-07-21.png
opera_crest_racer,crest,Racer,4.9,accepted,assets_src/concepts/opera_house_flat/cards/opera_crest_racer.png,assets_src/concepts/opera_house_flat/opera_house_crest_wayfinding_kit_2026-07-21.png
opera_crest_singer,crest,Singer,4.9,accepted,assets_src/concepts/opera_house_flat/cards/opera_crest_singer.png,assets_src/concepts/opera_house_flat/opera_house_crest_wayfinding_kit_2026-07-21.png
opera_crest_maestro,crest,Maestro,4.9,accepted,assets_src/concepts/opera_house_flat/cards/opera_crest_maestro.png,assets_src/concepts/opera_house_flat/opera_house_crest_wayfinding_kit_2026-07-21.png
opera_crest_house,crest,House,4.9,accepted,assets_src/concepts/opera_house_flat/cards/opera_crest_house.png,assets_src/concepts/opera_house_flat/opera_house_crest_wayfinding_kit_2026-07-21.png
