role_id,asset,kind,structural_status,render_status,full_size_gallery_review,phone_scale_review,candidate_score,owner_5_status
R001_REEF_HUB_OVERALL,assets/full_texture_regen_2026-07-18/models/r001_reef_hub_overall_reef_hub.glb,model_3d,pass,pass,pass,pass,4/5,pending_owner_acceptance
R002_REEF_PORTAL_PRESENTATION,assets/full_texture_regen_2026-07-18/models/r002_reef_portal_presentation_shell_portal.glb,model_3d,pass,pass,pass,pass,4/5,pending_owner_acceptance
R003_REEF_CORAL_MASS_PLACEMENT,assets/full_texture_regen_2026-07-18/models/r003_reef_coral_mass_placement_coral_01.glb,model_3d,pass,pass,pass,pass,4/5,pending_owner_acceptance
R003_REEF_CORAL_MASS_PLACEMENT,assets/full_texture_regen_2026-07-18/models/r003_reef_coral_mass_placement_coral_02.glb,model_3d,pass,pass,pass,pass,4/5,pending_owner_acceptance
R003_REEF_CORAL_MASS_PLACEMENT,assets/full_texture_regen_2026-07-18/models/r003_reef_coral_mass_placement_coral_03.glb,model_3d,pass,pass,pass,pass,4/5,pending_owner_acceptance
R003_REEF_CORAL_MASS_PLACEMENT,assets/full_texture_regen_2026-07-18/models/r003_reef_coral_mass_placement_coral_04.glb,model_3d,pass,pass,pass,pass,4/5,pending_owner_acceptance
R003_REEF_CORAL_MASS_PLACEMENT,assets/full_texture_regen_2026-07-18/models/r003_reef_coral_mass_placement_coral_05.glb,model_3d,pass,pass,pass,pass,4/5,pending_owner_acceptance
R003_REEF_CORAL_MASS_PLACEMENT,assets/full_texture_regen_2026-07-18/models/r003_reef_coral_mass_placement_coral_06.glb,model_3d,pass,pass,pass,pass,4/5,pending_owner_acceptance
R004_REEF_KELP_CARDS,assets/full_texture_regen_2026-07-18/models/r004_reef_kelp_cards_kelp_01.glb,model_3d,pass,pass,pass,pass,4/5,pending_owner_acceptance
R004_REEF_KELP_CARDS,assets/full_texture_regen_2026-07-18/models/r004_reef_kelp_cards_kelp_02.glb,model_3d,pass,pass,pass,pass,4/5,pending_owner_acceptance
R004_REEF_KELP_CARDS,assets/full_texture_regen_2026-07-18/models/r004_reef_kelp_cards_kelp_03.glb,model_3d,pass,pass,pass,pass,4/5,pending_owner_acceptance
R005_REEF_SEAGRASS_CARDS,assets/full_texture_regen_2026-07-18/models/r005_reef_seagrass_cards_seagrass_01.glb,model_3d,pass,pass,pass,pass,4/5,pending_owner_acceptance
R005_REEF_SEAGRASS_CARDS,assets/full_texture_regen_2026-07-18/models/r005_reef_seagrass_cards_seagrass_02.glb,model_3d,pass,pass,pass,pass,4/5,pending_owner_acceptance
R005_REEF_SEAGRASS_CARDS,assets/full_texture_regen_2026-07-18/models/r005_reef_seagrass_cards_seagrass_03.glb,model_3d,pass,pass,pass,pass,4/5,pending_owner_acceptance
R006_REEF_ROCK_FAMILY,assets/full_texture_regen_2026-07-18/models/r006_reef_rock_family_rock_01.glb,model_3d,pass,pass,pass,pass,4/5,pending_owner_acceptance
R006_REEF_ROCK_FAMILY,assets/full_texture_regen_2026-07-18/models/r006_reef_rock_family_rock_02.glb,model_3d,pass,pass,pass,pass,4/5,pending_owner_acceptance
R006_REEF_ROCK_FAMILY,assets/full_texture_regen_2026-07-18/models/r006_reef_rock_family_rock_03.glb,model_3d,pass,pass,pass,pass,4/5,pending_owner_acceptance
R006_REEF_ROCK_FAMILY,assets/full_texture_regen_2026-07-18/models/r006_reef_rock_family_rock_04.glb,model_3d,pass,pass,pass,pass,4/5,pending_owner_acceptance
R009_REEF_CORAL_FLOWER_HYBRID,assets/full_texture_regen_2026-07-18/models/r009_reef_coral_flower_hybrid_coral_01.glb,model_3d,pass,pass,pass,pass,4/5,pending_owner_acceptance
R009_REEF_CORAL_FLOWER_HYBRID,assets/full_texture_regen_2026-07-18/models/r009_reef_coral_flower_hybrid_coral_02.glb,model_3d,pass,pass,pass,pass,4/5,pending_owner_acceptance
R010_REEF_CLOWNFISH_MODEL,assets/full_texture_regen_2026-07-18/models/r010_reef_clownfish_model_clownfish.glb,model_3d,pass,pass,pass,pass,4/5,pending_owner_acceptance
R011_REEF_OCTOPUS_MODEL,assets/full_texture_regen_2026-07-18/models/r011_reef_octopus_model_octopus.glb,model_3d,pass,pass,pass,pass,4/5,pending_owner_acceptance
R012_REEF_SHRIMP_ROLE,assets/full_texture_regen_2026-07-18/models/r012_reef_shrimp_role_shrimp.glb,model_3d,pass,pass,pass,pass,4/5,pending_owner_acceptance
R013_REEF_JELLYFISH_ROLE,assets/full_texture_regen_2026-07-18/models/r013_reef_jellyfish_role_jellyfish.glb,model_3d,pass,pass,pass,pass,4/5,pending_owner_acceptance
R014_SKY_LAGOON_WORLD_COMPOSITION,assets/full_texture_regen_2026-07-18/models/r014_sky_lagoon_world_composition_sky_world.glb,model_3d,pass,pass,pass,pass,4/5,pending_owner_acceptance
R015_SKY_LAGOON_MAIN_CASTLE,assets/full_texture_regen_2026-07-18/models/r015_sky_lagoon_main_castle_sky_castle.glb,model_3d,pass,pass,pass,pass,4/5,pending_owner_acceptance
R016_SKY_LAGOON_CASTLE_TOWERS,assets/full_texture_regen_2026-07-18/models/r016_sky_lagoon_castle_towers_castle_tower_01.glb,model_3d,pass,pass,pass,pass,4/5,pending_owner_acceptance
R016_SKY_LAGOON_CASTLE_TOWERS,assets/full_texture_regen_2026-07-18/models/r016_sky_lagoon_castle_towers_castle_tower_02.glb,model_3d,pass,pass,pass,pass,4/5,pending_owner_acceptance
R016_SKY_LAGOON_CASTLE_TOWERS,assets/full_texture_regen_2026-07-18/models/r016_sky_lagoon_castle_towers_castle_tower_03.glb,model_3d,pass,pass,pass,pass,4/5,pending_owner_acceptance
R017_SKY_LAGOON_CLOUD_FAMILY,assets/full_texture_regen_2026-07-18/models/r017_sky_lagoon_cloud_family_cloud_01.glb,model_3d,pass,pass,pass,pass,4/5,pending_owner_acceptance
R017_SKY_LAGOON_CLOUD_FAMILY,assets/full_texture_regen_2026-07-18/models/r017_sky_lagoon_cloud_family_cloud_02.glb,model_3d,pass,pass,pass,pass,4/5,pending_owner_acceptance
R017_SKY_LAGOON_CLOUD_FAMILY,assets/full_texture_regen_2026-07-18/models/r017_sky_lagoon_cloud_family_cloud_03.glb,model_3d,pass,pass,pass,pass,4/5,pending_owner_acceptance
R018_SKY_LAGOON_RAINBOW_ROUTE,assets/full_texture_regen_2026-07-18/models/r018_sky_lagoon_rainbow_route_rainbow_route.glb,model_3d,pass,pass,pass,pass,4/5,pending_owner_acceptance
R019_SKY_LAGOON_SNOW_TERRAIN,assets/full_texture_regen_2026-07-18/models/r019_sky_lagoon_snow_terrain_snow_01.glb,model_3d,pass,pass,pass,pass,4/5,pending_owner_acceptance
R019_SKY_LAGOON_SNOW_TERRAIN,assets/full_texture_regen_2026-07-18/models/r019_sky_lagoon_snow_terrain_snow_02.glb,model_3d,pass,pass,pass,pass,4/5,pending_owner_acceptance
R019_SKY_LAGOON_SNOW_TERRAIN,assets/full_texture_regen_2026-07-18/models/r019_sky_lagoon_snow_terrain_snow_03.glb,model_3d,pass,pass,pass,pass,4/5,pending_owner_acceptance
R020_SKY_LAGOON_PAINTING_DISPLAYS,assets/full_texture_regen_2026-07-18/models/r020_sky_lagoon_painting_displays_painting_display.glb,model_3d,pass,pass,pass,pass,4/5,pending_owner_acceptance
R021_SKY_LAGOON_TRAIN_PRESENTATION,assets/full_texture_regen_2026-07-18/models/r021_sky_lagoon_train_presentation_train_01.glb,model_3d,pass,pass,pass,pass,4/5,pending_owner_acceptance
R021_SKY_LAGOON_TRAIN_PRESENTATION,assets/full_texture_regen_2026-07-18/models/r021_sky_lagoon_train_presentation_train_02.glb,model_3d,pass,pass,pass,pass,4/5,pending_owner_acceptance
R021_SKY_LAGOON_TRAIN_PRESENTATION,assets/full_texture_regen_2026-07-18/models/r021_sky_lagoon_train_presentation_train_03.glb,model_3d,pass,pass,pass,pass,4/5,pending_owner_acceptance
R021_SKY_LAGOON_TRAIN_PRESENTATION,assets/full_texture_regen_2026-07-18/models/r021_sky_lagoon_train_presentation_train_04.glb,model_3d,pass,pass,pass,pass,4/5,pending_owner_acceptance
R021_SKY_LAGOON_TRAIN_PRESENTATION,assets/full_texture_regen_2026-07-18/models/r021_sky_lagoon_train_presentation_train_05.glb,model_3d,pass,pass,pass,pass,4/5,pending_owner_acceptance
R021_SKY_LAGOON_TRAIN_PRESENTATION,assets/full_texture_regen_2026-07-18/models/r021_sky_lagoon_train_presentation_train_06.glb,model_3d,pass,pass,pass,pass,4/5,pending_owner_acceptance
R022_SKY_LAGOON_PALM_REPETITION,assets/full_texture_regen_2026-07-18/models/r022_sky_lagoon_palm_repetition_palm_01.glb,model_3d,pass,pass,pass,pass,4/5,pending_owner_acceptance
R022_SKY_LAGOON_PALM_REPETITION,assets/full_texture_regen_2026-07-18/models/r022_sky_lagoon_palm_repetition_palm_02.glb,model_3d,pass,pass,pass,pass,4/5,pending_owner_acceptance
R022_SKY_LAGOON_PALM_REPETITION,assets/full_texture_regen_2026-07-18/models/r022_sky_lagoon_palm_repetition_palm_03.glb,model_3d,pass,pass,pass,pass,4/5,pending_owner_acceptance
R023_CASTLE_CASTLE_HALL_OVERALL,assets/full_texture_regen_2026-07-18/models/r023_castle_castle_hall_overall_hall.glb,model_3d,pass,pass,pass,pass,4/5,pending_owner_acceptance
R024_CASTLE_WALL_MODULES,assets/full_texture_regen_2026-07-18/models/r024_castle_wall_modules_wall_modules.glb,model_3d,pass,pass,pass,pass,4/5,pending_owner_acceptance
R025_CASTLE_STAIRS,assets/full_texture_regen_2026-07-18/models/r025_castle_stairs_stairs.glb,model_3d,pass,pass,pass,pass,4/5,pending_owner_acceptance
R026_CASTLE_COLUMNS,assets/full_texture_regen_2026-07-18/models/r026_castle_columns_columns.glb,model_3d,pass,pass,pass,pass,4/5,pending_owner_acceptance
R027_CASTLE_DOORS,assets/full_texture_regen_2026-07-18/models/r027_castle_doors_doors.glb,model_3d,pass,pass,pass,pass,4/5,pending_owner_acceptance
R028_CASTLE_THRONE_ROOM_PRESENTATION,assets/full_texture_regen_2026-07-18/models/r028_castle_throne_room_presentation_throne_room.glb,model_3d,pass,pass,pass,pass,4/5,pending_owner_acceptance
R029_CASTLE_THRONE_MODEL,assets/full_texture_regen_2026-07-18/models/r029_castle_throne_model_throne.glb,model_3d,pass,pass,pass,pass,4/5,pending_owner_acceptance
R030_CASTLE_BED_MODEL,assets/full_texture_regen_2026-07-18/models/r030_castle_bed_model_bed.glb,model_3d,pass,pass,pass,pass,4/5,pending_owner_acceptance
R031_CASTLE_KITCHEN_ROOM,assets/full_texture_regen_2026-07-18/models/r031_castle_kitchen_room_kitchen_room.glb,model_3d,pass,pass,pass,pass,4/5,pending_owner_acceptance
R035_CASTLE_KITCHEN_STOVE,assets/full_texture_regen_2026-07-18/models/r035_castle_kitchen_stove_stove.glb,model_3d,pass,pass,pass,pass,4/5,pending_owner_acceptance
R036_CASTLE_KITCHEN_KETTLE,assets/full_texture_regen_2026-07-18/models/r036_castle_kitchen_kettle_kettle.glb,model_3d,pass,pass,pass,pass,4/5,pending_owner_acceptance
R037_CASTLE_KITCHEN_PANS,assets/full_texture_regen_2026-07-18/models/r037_castle_kitchen_pans_pans.glb,model_3d,pass,pass,pass,pass,4/5,pending_owner_acceptance
R038_CASTLE_KITCHEN_TEAPOT,assets/full_texture_regen_2026-07-18/models/r038_castle_kitchen_teapot_teapot.glb,model_3d,pass,pass,pass,pass,4/5,pending_owner_acceptance
R039_CASTLE_KITCHEN_TABLE_AND_STOOLS,assets/full_texture_regen_2026-07-18/models/r039_castle_kitchen_table_and_stools_table.glb,model_3d,pass,pass,pass,pass,4/5,pending_owner_acceptance
R040_STARS_DREAM_STAR,assets/full_texture_regen_2026-07-18/models/r040_stars_dream_star_star.glb,model_3d,pass,pass,pass,pass,4/5,pending_owner_acceptance
R041_STARS_CROWN_STAR,assets/full_texture_regen_2026-07-18/models/r041_stars_crown_star_star.glb,model_3d,pass,pass,pass,pass,4/5,pending_owner_acceptance
R042_STARS_STAR_CHAMBER_FOCAL,assets/full_texture_regen_2026-07-18/models/r042_stars_star_chamber_focal_star.glb,model_3d,pass,pass,pass,pass,4/5,pending_owner_acceptance
R043_BUTTERFLY_WORLD_WORLD_OVERALL,assets/full_texture_regen_2026-07-18/models/r043_butterfly_world_world_overall_butterfly_world.glb,model_3d,pass,pass,pass,pass,4/5,pending_owner_acceptance
R045_BUTTERFLY_WORLD_HOME_GATE,assets/full_texture_regen_2026-07-18/models/r045_butterfly_world_home_gate_butterfly_gate.glb,model_3d,pass,pass,pass,pass,4/5,pending_owner_acceptance
R046_BUTTERFLY_WORLD_INTER_WORLD_GATE,assets/full_texture_regen_2026-07-18/models/r046_butterfly_world_inter_world_gate_butterfly_gate.glb,model_3d,pass,pass,pass,pass,4/5,pending_owner_acceptance
R047_BUTTERFLY_WORLD_GATE_TRANSITION_COMPOSITION,assets/full_texture_regen_2026-07-18/models/r047_butterfly_world_gate_transition_composition_gate_transition.glb,model_3d,pass,pass,pass,pass,4/5,pending_owner_acceptance
R048_BUTTERFLY_WORLD_BUTTERFLY_ENVIRONMENT_FAMILY,assets/full_texture_regen_2026-07-18/models/r048_butterfly_world_butterfly_environment_family_butterfly_01.glb,model_3d,pass,pass,pass,pass,4/5,pending_owner_acceptance
R048_BUTTERFLY_WORLD_BUTTERFLY_ENVIRONMENT_FAMILY,assets/full_texture_regen_2026-07-18/models/r048_butterfly_world_butterfly_environment_family_butterfly_02.glb,model_3d,pass,pass,pass,pass,4/5,pending_owner_acceptance
R048_BUTTERFLY_WORLD_BUTTERFLY_ENVIRONMENT_FAMILY,assets/full_texture_regen_2026-07-18/models/r048_butterfly_world_butterfly_environment_family_butterfly_03.glb,model_3d,pass,pass,pass,pass,4/5,pending_owner_acceptance
R048_BUTTERFLY_WORLD_BUTTERFLY_ENVIRONMENT_FAMILY,assets/full_texture_regen_2026-07-18/models/r048_butterfly_world_butterfly_environment_family_butterfly_04.glb,model_3d,pass,pass,pass,pass,4/5,pending_owner_acceptance
R049_DUNGEON_COMBAT_ARENA_OVERALL,assets/full_texture_regen_2026-07-18/models/r049_dungeon_combat_arena_overall_dungeon_arena.glb,model_3d,pass,pass,pass,pass,4/5,pending_owner_acceptance
R051_DUNGEON_ARENA_WALLS,assets/full_texture_regen_2026-07-18/models/r051_dungeon_arena_walls_dungeon_walls.glb,model_3d,pass,pass,pass,pass,4/5,pending_owner_acceptance
R052_DUNGEON_STANDARD_ENEMIES,assets/full_texture_regen_2026-07-18/models/r052_dungeon_standard_enemies_imp_01.glb,model_3d,pass,pass,pass,pass,4/5,pending_owner_acceptance
R052_DUNGEON_STANDARD_ENEMIES,assets/full_texture_regen_2026-07-18/models/r052_dungeon_standard_enemies_imp_02.glb,model_3d,pass,pass,pass,pass,4/5,pending_owner_acceptance
R053_DUNGEON_BOSS,assets/full_texture_regen_2026-07-18/models/r053_dungeon_boss_dragon_turtle.glb,model_3d,pass,pass,pass,pass,4/5,pending_owner_acceptance
R054_DUNGEON_PEPPER_PROJECTILE,assets/full_texture_regen_2026-07-18/models/r054_dungeon_pepper_projectile_pepper.glb,model_3d,pass,pass,pass,pass,4/5,pending_owner_acceptance
R055_DUNGEON_BASKET,assets/full_texture_regen_2026-07-18/models/r055_dungeon_basket_basket.glb,model_3d,pass,pass,pass,pass,4/5,pending_owner_acceptance
R056_DUNGEON_PUZZLE_ROOM_OVERALL,assets/full_texture_regen_2026-07-18/models/r056_dungeon_puzzle_room_overall_puzzle_room.glb,model_3d,pass,pass,pass,pass,4/5,pending_owner_acceptance
R057_DUNGEON_PUZZLE_DOOR,assets/full_texture_regen_2026-07-18/models/r057_dungeon_puzzle_door_puzzle_door.glb,model_3d,pass,pass,pass,pass,4/5,pending_owner_acceptance
R058_DUNGEON_CRYSTAL_PADS,assets/full_texture_regen_2026-07-18/models/r058_dungeon_crystal_pads_crystal_pad_01.glb,model_3d,pass,pass,pass,pass,4/5,pending_owner_acceptance
R058_DUNGEON_CRYSTAL_PADS,assets/full_texture_regen_2026-07-18/models/r058_dungeon_crystal_pads_crystal_pad_02.glb,model_3d,pass,pass,pass,pass,4/5,pending_owner_acceptance
R058_DUNGEON_CRYSTAL_PADS,assets/full_texture_regen_2026-07-18/models/r058_dungeon_crystal_pads_crystal_pad_03.glb,model_3d,pass,pass,pass,pass,4/5,pending_owner_acceptance
R059_DUNGEON_PUZZLE_CRYSTALS,assets/full_texture_regen_2026-07-18/models/r059_dungeon_puzzle_crystals_crystal_01.glb,model_3d,pass,pass,pass,pass,4/5,pending_owner_acceptance
R059_DUNGEON_PUZZLE_CRYSTALS,assets/full_texture_regen_2026-07-18/models/r059_dungeon_puzzle_crystals_crystal_02.glb,model_3d,pass,pass,pass,pass,4/5,pending_owner_acceptance
R059_DUNGEON_PUZZLE_CRYSTALS,assets/full_texture_regen_2026-07-18/models/r059_dungeon_puzzle_crystals_crystal_03.glb,model_3d,pass,pass,pass,pass,4/5,pending_owner_acceptance
R060_DUNGEON_TORCH_FAMILY,assets/full_texture_regen_2026-07-18/models/r060_dungeon_torch_family_torch_01.glb,model_3d,pass,pass,pass,pass,4/5,pending_owner_acceptance
R060_DUNGEON_TORCH_FAMILY,assets/full_texture_regen_2026-07-18/models/r060_dungeon_torch_family_torch_02.glb,model_3d,pass,pass,pass,pass,4/5,pending_owner_acceptance
R061_DUNGEON_SHELL_PROPS,assets/full_texture_regen_2026-07-18/models/r061_dungeon_shell_props_shell_01.glb,model_3d,pass,pass,pass,pass,4/5,pending_owner_acceptance
R061_DUNGEON_SHELL_PROPS,assets/full_texture_regen_2026-07-18/models/r061_dungeon_shell_props_shell_02.glb,model_3d,pass,pass,pass,pass,4/5,pending_owner_acceptance
R061_DUNGEON_SHELL_PROPS,assets/full_texture_regen_2026-07-18/models/r061_dungeon_shell_props_shell_03.glb,model_3d,pass,pass,pass,pass,4/5,pending_owner_acceptance
R062_DUNGEON_PUZZLE_SYMBOLS,assets/full_texture_regen_2026-07-18/models/r062_dungeon_puzzle_symbols_symbol_01.glb,model_3d,pass,pass,pass,pass,4/5,pending_owner_acceptance
R062_DUNGEON_PUZZLE_SYMBOLS,assets/full_texture_regen_2026-07-18/models/r062_dungeon_puzzle_symbols_symbol_02.glb,model_3d,pass,pass,pass,pass,4/5,pending_owner_acceptance
R062_DUNGEON_PUZZLE_SYMBOLS,assets/full_texture_regen_2026-07-18/models/r062_dungeon_puzzle_symbols_symbol_03.glb,model_3d,pass,pass,pass,pass,4/5,pending_owner_acceptance
R062_DUNGEON_PUZZLE_SYMBOLS,assets/full_texture_regen_2026-07-18/models/r062_dungeon_puzzle_symbols_symbol_04.glb,model_3d,pass,pass,pass,pass,4/5,pending_owner_acceptance
R062_DUNGEON_PUZZLE_SYMBOLS,assets/full_texture_regen_2026-07-18/models/r062_dungeon_puzzle_symbols_symbol_05.glb,model_3d,pass,pass,pass,pass,4/5,pending_owner_acceptance
R062_DUNGEON_PUZZLE_SYMBOLS,assets/full_texture_regen_2026-07-18/models/r062_dungeon_puzzle_symbols_symbol_06.glb,model_3d,pass,pass,pass,pass,4/5,pending_owner_acceptance
R062_DUNGEON_PUZZLE_SYMBOLS,assets/full_texture_regen_2026-07-18/models/r062_dungeon_puzzle_symbols_symbol_07.glb,model_3d,pass,pass,pass,pass,4/5,pending_owner_acceptance
R062_DUNGEON_PUZZLE_SYMBOLS,assets/full_texture_regen_2026-07-18/models/r062_dungeon_puzzle_symbols_symbol_08.glb,model_3d,pass,pass,pass,pass,4/5,pending_owner_acceptance
R062_DUNGEON_PUZZLE_SYMBOLS,assets/full_texture_regen_2026-07-18/models/r062_dungeon_puzzle_symbols_symbol_09.glb,model_3d,pass,pass,pass,pass,4/5,pending_owner_acceptance
R062_DUNGEON_PUZZLE_SYMBOLS,assets/full_texture_regen_2026-07-18/models/r062_dungeon_puzzle_symbols_symbol_10.glb,model_3d,pass,pass,pass,pass,4/5,pending_owner_acceptance
R062_DUNGEON_PUZZLE_SYMBOLS,assets/full_texture_regen_2026-07-18/models/r062_dungeon_puzzle_symbols_symbol_11.glb,model_3d,pass,pass,pass,pass,4/5,pending_owner_acceptance
R063_KART_KART_WORLD_OVERALL,assets/full_texture_regen_2026-07-18/models/r063_kart_kart_world_overall_kart_world.glb,model_3d,pass,pass,pass,pass,4/5,pending_owner_acceptance
R064_KART_VEHICLE_SELECTION_PADS,assets/full_texture_regen_2026-07-18/models/r064_kart_vehicle_selection_pads_selection_pad_01.glb,model_3d,pass,pass,pass,pass,4/5,pending_owner_acceptance
R064_KART_VEHICLE_SELECTION_PADS,assets/full_texture_regen_2026-07-18/models/r064_kart_vehicle_selection_pads_selection_pad_02.glb,model_3d,pass,pass,pass,pass,4/5,pending_owner_acceptance
R064_KART_VEHICLE_SELECTION_PADS,assets/full_texture_regen_2026-07-18/models/r064_kart_vehicle_selection_pads_selection_pad_03.glb,model_3d,pass,pass,pass,pass,4/5,pending_owner_acceptance
R065_KART_TRACK_BARRIERS,assets/full_texture_regen_2026-07-18/models/r065_kart_track_barriers_barrier_01.glb,model_3d,pass,pass,pass,pass,4/5,pending_owner_acceptance
R065_KART_TRACK_BARRIERS,assets/full_texture_regen_2026-07-18/models/r065_kart_track_barriers_barrier_02.glb,model_3d,pass,pass,pass,pass,4/5,pending_owner_acceptance
R065_KART_TRACK_BARRIERS,assets/full_texture_regen_2026-07-18/models/r065_kart_track_barriers_barrier_03.glb,model_3d,pass,pass,pass,pass,4/5,pending_owner_acceptance
R068_KART_CORAL_DRESSING,assets/full_texture_regen_2026-07-18/models/r068_kart_coral_dressing_kart_coral_01.glb,model_3d,pass,pass,pass,pass,4/5,pending_owner_acceptance
R068_KART_CORAL_DRESSING,assets/full_texture_regen_2026-07-18/models/r068_kart_coral_dressing_kart_coral_02.glb,model_3d,pass,pass,pass,pass,4/5,pending_owner_acceptance
R068_KART_CORAL_DRESSING,assets/full_texture_regen_2026-07-18/models/r068_kart_coral_dressing_kart_coral_03.glb,model_3d,pass,pass,pass,pass,4/5,pending_owner_acceptance
R069_KART_GOKART_SOURCE,assets/full_texture_regen_2026-07-18/models/r069_kart_gokart_source_gokart.glb,model_3d,pass,pass,pass,pass,4/5,pending_owner_acceptance
R070_KART_MONSTER_TRUCK_SOURCE,assets/full_texture_regen_2026-07-18/models/r070_kart_monster_truck_source_monster_truck.glb,model_3d,pass,pass,pass,pass,4/5,pending_owner_acceptance
R085_DEVELOPMENT_ALPINE_INTERIORS,assets/full_texture_regen_2026-07-18/models/r085_development_alpine_interiors_alpine_interior.glb,model_3d,pass,pass,pass,pass,4/5,pending_owner_acceptance
R086_DEVELOPMENT_NORTHERN_KINGDOM_ADDITIONS,assets/full_texture_regen_2026-07-18/models/r086_development_northern_kingdom_additions_northern_01.glb,model_3d,pass,pass,pass,pass,4/5,pending_owner_acceptance
R086_DEVELOPMENT_NORTHERN_KINGDOM_ADDITIONS,assets/full_texture_regen_2026-07-18/models/r086_development_northern_kingdom_additions_northern_02.glb,model_3d,pass,pass,pass,pass,4/5,pending_owner_acceptance
R086_DEVELOPMENT_NORTHERN_KINGDOM_ADDITIONS,assets/full_texture_regen_2026-07-18/models/r086_development_northern_kingdom_additions_northern_03.glb,model_3d,pass,pass,pass,pass,4/5,pending_owner_acceptance
R086_DEVELOPMENT_NORTHERN_KINGDOM_ADDITIONS,assets/full_texture_regen_2026-07-18/models/r086_development_northern_kingdom_additions_northern_04.glb,model_3d,pass,pass,pass,pass,4/5,pending_owner_acceptance
R086_DEVELOPMENT_NORTHERN_KINGDOM_ADDITIONS,assets/full_texture_regen_2026-07-18/models/r086_development_northern_kingdom_additions_northern_05.glb,model_3d,pass,pass,pass,pass,4/5,pending_owner_acceptance
R086_DEVELOPMENT_NORTHERN_KINGDOM_ADDITIONS,assets/full_texture_regen_2026-07-18/models/r086_development_northern_kingdom_additions_northern_06.glb,model_3d,pass,pass,pass,pass,4/5,pending_owner_acceptance
R086_DEVELOPMENT_NORTHERN_KINGDOM_ADDITIONS,assets/full_texture_regen_2026-07-18/models/r086_development_northern_kingdom_additions_northern_07.glb,model_3d,pass,pass,pass,pass,4/5,pending_owner_acceptance
R086_DEVELOPMENT_NORTHERN_KINGDOM_ADDITIONS,assets/full_texture_regen_2026-07-18/models/r086_development_northern_kingdom_additions_northern_08.glb,model_3d,pass,pass,pass,pass,4/5,pending_owner_acceptance
R086_DEVELOPMENT_NORTHERN_KINGDOM_ADDITIONS,assets/full_texture_regen_2026-07-18/models/r086_development_northern_kingdom_additions_northern_09.glb,model_3d,pass,pass,pass,pass,4/5,pending_owner_acceptance
R086_DEVELOPMENT_NORTHERN_KINGDOM_ADDITIONS,assets/full_texture_regen_2026-07-18/models/r086_development_northern_kingdom_additions_northern_10.glb,model_3d,pass,pass,pass,pass,4/5,pending_owner_acceptance
R086_DEVELOPMENT_NORTHERN_KINGDOM_ADDITIONS,assets/full_texture_regen_2026-07-18/models/r086_development_northern_kingdom_additions_northern_11.glb,model_3d,pass,pass,pass,pass,4/5,pending_owner_acceptance
R086_DEVELOPMENT_NORTHERN_KINGDOM_ADDITIONS,assets/full_texture_regen_2026-07-18/models/r086_development_northern_kingdom_additions_northern_12.glb,model_3d,pass,pass,pass,pass,4/5,pending_owner_acceptance
R086_DEVELOPMENT_NORTHERN_KINGDOM_ADDITIONS,assets/full_texture_regen_2026-07-18/models/r086_development_northern_kingdom_additions_northern_13.glb,model_3d,pass,pass,pass,pass,4/5,pending_owner_acceptance
R086_DEVELOPMENT_NORTHERN_KINGDOM_ADDITIONS,assets/full_texture_regen_2026-07-18/models/r086_development_northern_kingdom_additions_northern_14.glb,model_3d,pass,pass,pass,pass,4/5,pending_owner_acceptance
R086_DEVELOPMENT_NORTHERN_KINGDOM_ADDITIONS,assets/full_texture_regen_2026-07-18/models/r086_development_northern_kingdom_additions_northern_15.glb,model_3d,pass,pass,pass,pass,4/5,pending_owner_acceptance
R086_DEVELOPMENT_NORTHERN_KINGDOM_ADDITIONS,assets/full_texture_regen_2026-07-18/models/r086_development_northern_kingdom_additions_northern_16.glb,model_3d,pass,pass,pass,pass,4/5,pending_owner_acceptance
R086_DEVELOPMENT_NORTHERN_KINGDOM_ADDITIONS,assets/full_texture_regen_2026-07-18/models/r086_development_northern_kingdom_additions_northern_17.glb,model_3d,pass,pass,pass,pass,4/5,pending_owner_acceptance
R087_DEVELOPMENT_UNDERSEA_ADDITIONS,assets/full_texture_regen_2026-07-18/models/r087_development_undersea_additions_undersea_01.glb,model_3d,pass,pass,pass,pass,4/5,pending_owner_acceptance
R087_DEVELOPMENT_UNDERSEA_ADDITIONS,assets/full_texture_regen_2026-07-18/models/r087_development_undersea_additions_undersea_02.glb,model_3d,pass,pass,pass,pass,4/5,pending_owner_acceptance
R087_DEVELOPMENT_UNDERSEA_ADDITIONS,assets/full_texture_regen_2026-07-18/models/r087_development_undersea_additions_undersea_03.glb,model_3d,pass,pass,pass,pass,4/5,pending_owner_acceptance
R087_DEVELOPMENT_UNDERSEA_ADDITIONS,assets/full_texture_regen_2026-07-18/models/r087_development_undersea_additions_undersea_04.glb,model_3d,pass,pass,pass,pass,4/5,pending_owner_acceptance
R087_DEVELOPMENT_UNDERSEA_ADDITIONS,assets/full_texture_regen_2026-07-18/models/r087_development_undersea_additions_undersea_05.glb,model_3d,pass,pass,pass,pass,4/5,pending_owner_acceptance
R007_REEF_CAUSTIC_GROUND_TREATMENT,assets/full_texture_regen_2026-07-18/textures/R007_REEF_CAUSTIC_GROUND_TREATMENT__reef_caustics.png,texture_2d,pass,not_applicable,pass,pass,4/5,pending_owner_acceptance
R008_REEF_BACKDROP_SEAMOUNTS,assets/full_texture_regen_2026-07-18/textures/R008_REEF_BACKDROP_SEAMOUNTS__seamount_backdrop.png,texture_2d,pass,not_applicable,pass,pass,4/5,pending_owner_acceptance
R032_CASTLE_KITCHEN_COUNTER_TEXTURE,assets/full_texture_regen_2026-07-18/textures/R032_CASTLE_KITCHEN_COUNTER_TEXTURE__counter_stone.png,texture_2d,pass,not_applicable,pass,pass,4/5,pending_owner_acceptance
R033_CASTLE_KITCHEN_FLOOR_TEXTURE,assets/full_texture_regen_2026-07-18/textures/R033_CASTLE_KITCHEN_FLOOR_TEXTURE__floor_tiles.png,texture_2d,pass,not_applicable,pass,pass,4/5,pending_owner_acceptance
R034_CASTLE_KITCHEN_WOOD_TEXTURE,assets/full_texture_regen_2026-07-18/textures/R034_CASTLE_KITCHEN_WOOD_TEXTURE__painted_wood.png,texture_2d,pass,not_applicable,pass,pass,4/5,pending_owner_acceptance
R044_BUTTERFLY_WORLD_PLANET_SURFACE,assets/full_texture_regen_2026-07-18/textures/R044_BUTTERFLY_WORLD_PLANET_SURFACE__butterfly_meadow_ground.png,texture_2d,pass,not_applicable,pass,pass,4/5,pending_owner_acceptance
R044_BUTTERFLY_WORLD_PLANET_SURFACE,assets/full_texture_regen_2026-07-18/textures/R044_BUTTERFLY_WORLD_PLANET_SURFACE__butterfly_meadow_ground_b.png,texture_2d,pass,not_applicable,pass,pass,4/5,pending_owner_acceptance
R044_BUTTERFLY_WORLD_PLANET_SURFACE,assets/full_texture_regen_2026-07-18/textures/R044_BUTTERFLY_WORLD_PLANET_SURFACE__butterfly_meadow_ground_c.png,texture_2d,pass,not_applicable,pass,pass,4/5,pending_owner_acceptance
R050_DUNGEON_ARENA_FLOOR,assets/full_texture_regen_2026-07-18/textures/R050_DUNGEON_ARENA_FLOOR__dungeon_floor.png,texture_2d,pass,not_applicable,pass,pass,4/5,pending_owner_acceptance
R066_KART_BOOST_RIBBON,assets/full_texture_regen_2026-07-18/textures/R066_KART_BOOST_RIBBON__boost_ribbon.png,texture_2d,pass,not_applicable,pass,pass,4/5,pending_owner_acceptance
R067_KART_FINISH_BANNER,assets/full_texture_regen_2026-07-18/textures/R067_KART_FINISH_BANNER__finish_banner.png,texture_2d,pass,not_applicable,pass,pass,4/5,pending_owner_acceptance
R071_PICTURE_GAMES_COAL,assets/full_texture_regen_2026-07-18/textures/R071_PICTURE_GAMES_COAL__coal.png,texture_2d,pass,not_applicable,pass,pass,4/5,pending_owner_acceptance
R072_PICTURE_GAMES_STAR,assets/full_texture_regen_2026-07-18/textures/R072_PICTURE_GAMES_STAR__star.png,texture_2d,pass,not_applicable,pass,pass,4/5,pending_owner_acceptance
R073_PICTURE_GAMES_SUN,assets/full_texture_regen_2026-07-18/textures/R073_PICTURE_GAMES_SUN__sun.png,texture_2d,pass,not_applicable,pass,pass,4/5,pending_owner_acceptance
R074_PICTURE_GAMES_TREE,assets/full_texture_regen_2026-07-18/textures/R074_PICTURE_GAMES_TREE__tree.png,texture_2d,pass,not_applicable,pass,pass,4/5,pending_owner_acceptance
R075_PICTURE_GAMES_CHRISTMAS_TREE,assets/full_texture_regen_2026-07-18/textures/R075_PICTURE_GAMES_CHRISTMAS_TREE__empty_tree.png,texture_2d,pass,not_applicable,pass,pass,4/5,pending_owner_acceptance
R076_PICTURE_GAMES_DECORATED_CHRISTMAS_TREE,assets/full_texture_regen_2026-07-18/textures/R076_PICTURE_GAMES_DECORATED_CHRISTMAS_TREE__completed_tree.png,texture_2d,pass,not_applicable,pass,pass,4/5,pending_owner_acceptance
R077_PICTURE_GAMES_BUSH,assets/full_texture_regen_2026-07-18/textures/R077_PICTURE_GAMES_BUSH__bush.png,texture_2d,pass,not_applicable,pass,pass,4/5,pending_owner_acceptance
R078_PICTURE_GAMES_FISH_BODY,assets/full_texture_regen_2026-07-18/textures/R078_PICTURE_GAMES_FISH_BODY__body.png,texture_2d,pass,not_applicable,pass,pass,4/5,pending_owner_acceptance
R079_PICTURE_GAMES_FISH_FINS,assets/full_texture_regen_2026-07-18/textures/R079_PICTURE_GAMES_FISH_FINS__anal.png,texture_2d,pass,not_applicable,pass,pass,4/5,pending_owner_acceptance
R079_PICTURE_GAMES_FISH_FINS,assets/full_texture_regen_2026-07-18/textures/R079_PICTURE_GAMES_FISH_FINS__caudal.png,texture_2d,pass,not_applicable,pass,pass,4/5,pending_owner_acceptance
R079_PICTURE_GAMES_FISH_FINS,assets/full_texture_regen_2026-07-18/textures/R079_PICTURE_GAMES_FISH_FINS__dorsal.png,texture_2d,pass,not_applicable,pass,pass,4/5,pending_owner_acceptance
R079_PICTURE_GAMES_FISH_FINS,assets/full_texture_regen_2026-07-18/textures/R079_PICTURE_GAMES_FISH_FINS__pectoral.png,texture_2d,pass,not_applicable,pass,pass,4/5,pending_owner_acceptance
R079_PICTURE_GAMES_FISH_FINS,assets/full_texture_regen_2026-07-18/textures/R079_PICTURE_GAMES_FISH_FINS__pelvic.png,texture_2d,pass,not_applicable,pass,pass,4/5,pending_owner_acceptance
R080_PICTURE_GAMES_BUTTERFLY,assets/full_texture_regen_2026-07-18/textures/R080_PICTURE_GAMES_BUTTERFLY__butterfly.png,texture_2d,pass,not_applicable,pass,pass,4/5,pending_owner_acceptance
R084_PICTURE_GAMES_ORNAMENT_SET,assets/full_texture_regen_2026-07-18/textures/R084_PICTURE_GAMES_ORNAMENT_SET__aqua_diamond.png,texture_2d,pass,not_applicable,pass,pass,4/5,pending_owner_acceptance
R084_PICTURE_GAMES_ORNAMENT_SET,assets/full_texture_regen_2026-07-18/textures/R084_PICTURE_GAMES_ORNAMENT_SET__coral_round.png,texture_2d,pass,not_applicable,pass,pass,4/5,pending_owner_acceptance
R084_PICTURE_GAMES_ORNAMENT_SET,assets/full_texture_regen_2026-07-18/textures/R084_PICTURE_GAMES_ORNAMENT_SET__honey_round.png,texture_2d,pass,not_applicable,pass,pass,4/5,pending_owner_acceptance
R084_PICTURE_GAMES_ORNAMENT_SET,assets/full_texture_regen_2026-07-18/textures/R084_PICTURE_GAMES_ORNAMENT_SET__lavender_round.png,texture_2d,pass,not_applicable,pass,pass,4/5,pending_owner_acceptance
R084_PICTURE_GAMES_ORNAMENT_SET,assets/full_texture_regen_2026-07-18/textures/R084_PICTURE_GAMES_ORNAMENT_SET__star_topper.png,texture_2d,pass,not_applicable,pass,pass,4/5,pending_owner_acceptance
