path,width,height,sha256,status,failure
gen2/generated/aquatic_carp/v1.webp,1024,1024,3194147a1d37501761f781c76520714737165cf28dbfd067b9153bbed8fc399a,valid,
gen2/generated/aquatic_carp/v2.webp,1024,1024,df72d8e06b2989e8c2f4fc99a5777a5ff2647a237f7122445484c2e6751c68c0,valid,
gen2/generated/aquatic_carp/v3.webp,1024,1024,84e74e2116f6941c7deb44bb4c567174290681483267c3c83e8823a3dad2357b,valid,
gen2/generated/aquatic_carp/v4.webp,1024,1024,8f9e8cb8795d628242beb35f292f52b7717a9df40da67808683815921ea6b198,valid,
gen2/generated/aquatic_clownfish/v1.webp,1024,1024,0d18f02fb73541daed4653b14201ce21fbeabfb3c40943b66a837b775745ff22,valid,
gen2/generated/aquatic_clownfish/v2.webp,1024,1024,a257f60601816c1aa413deede2e7e7a8aefe6194fa401bdaf66e9412127552ed,valid,
gen2/generated/aquatic_clownfish/v3.webp,1024,1024,b4e9f12144ddaaf16171a2b5afad8e27fbbd0876155608c20f2b8c53d2ce8a50,valid,
gen2/generated/aquatic_clownfish/v4.webp,1024,1024,09321648d7c704ff8bea70cf9dc9d9fc0db4ef9d0293bafbc827f5776ab5698d,valid,
gen2/generated/aquatic_coral/r2_v1.webp,1024,1024,fa04536e7dc87f78ed4e296efd607508bc33e12132d5ab30fc4ddc202313375b,valid,
gen2/generated/aquatic_coral/r2_v2.webp,1024,1024,8ff90ff33f9456a47b4b9ebb6e3b68b2bedd02bfd15514dedfbd8bd59e2707f7,valid,
gen2/generated/aquatic_coral/r2_v3.webp,1024,1024,daa2f068552a4fdb94e5da2c6d7434fb40c4380e900640f90636540ca6f22c55,valid,
gen2/generated/aquatic_coral/r2_v4.webp,1024,1024,77413957997a9496136b588d7d99e9a72899ce2ff1dbb2ceae97b46997e59805,valid,
gen2/generated/aquatic_coral/v1.webp,1024,1024,2d3cb72c4d8d874832bc0d79ea49d80ee9a35f936a984bdb5492e282fdc06932,valid,
gen2/generated/aquatic_coral/v2.webp,1024,1024,35a890127bc8a253b82feedc237eae88025101444c534d2807990476a24ec82e,valid,
gen2/generated/aquatic_coral/v3.webp,1024,1024,dd8cc5175ba325332c465760702689ba0f75e62e3c845832790fdc5a3c725739,valid,
gen2/generated/aquatic_coral/v4.webp,1024,1024,a4232466a5c850a81df4cf900e9dcd585c44b046791dc3aa9e56c835f7006ff0,valid,
gen2/generated/aquatic_coral1/r3_v1.png,1408,768,eccec51bb8b1f220a8fc1a79d383bf7ad13abca0e10f24fffb0c1502d6f74f7c,valid,
gen2/generated/aquatic_coral1/r3_v2.png,1408,768,cfe2b4fa347b50b315ef66a14a2c95015f78b849bb8cc6221674f5ac373156c9,valid,
gen2/generated/aquatic_coral1/v1.webp,1024,1024,116ee957aba9e2f41977aa04137c1895730f7677efc4f78f73d51a1ca65fa9fd,valid,
gen2/generated/aquatic_coral1/v2.webp,1024,1024,afb6d795b9a9537957b9b2c6b87cb867066e840324e174e9d2e7dbd3de594e49,valid,
gen2/generated/aquatic_coral1/v3.webp,1024,1024,b81fd570ec001a44b46af02059e53aa2f0d33d11db1d66aa47d2d92cdffe09d1,valid,
gen2/generated/aquatic_coral1/v4.webp,1024,1024,d9c93bb63fbc02fc75a42dee94799fcd6aa1b075959ec639dc755825ff8859ff,valid,
gen2/generated/aquatic_coral2/v1.webp,1024,1024,cd529e11cba05a61633d15f0b4b39fb569f3a0e9e963bc2e8530ab26e63d4069,valid,
gen2/generated/aquatic_coral2/v2.webp,1024,1024,c4967f81c5e8bbd1bc73dde174db80a3913b36857db509aa2ef62131bb5367bd,valid,
gen2/generated/aquatic_coral2/v3.webp,1024,1024,831f333e1e64e53ae8c0e3c33a56898a9a9d5c43d091a8189a91dfb3d3c32dc3,valid,
gen2/generated/aquatic_coral2/v4.webp,1024,1024,b09e484855ebd165dec55dee6766322f7969741c49aac0ac64a7129aa12dbe45,valid,
gen2/generated/aquatic_coral3/v1.webp,1024,1024,94724588e482fea6fbeaa78c03827f63ca36d3d1c46a146ed00a81ac3b7e5911,valid,
gen2/generated/aquatic_coral3/v2.webp,1024,1024,64642c38c15eb0c3b9edf83c5849b05967750d761c382080295d20e22bcca1f7,valid,
gen2/generated/aquatic_coral3/v3.webp,1024,1024,72f3c24283c94893e937a2d2ac0e477094b0b0fb631eb671adc8c0c288028f43,valid,
gen2/generated/aquatic_coral3/v4.webp,1024,1024,3bbf37d09265f7a38115004ce8788df828723e32c69f087c52c4e7e73a9ba7c1,valid,
gen2/generated/aquatic_coral4/r2_v1.webp,1024,1024,090f3cb680bae13bf2e0cbf416cc0231024e0731272d27ce0d70df571cf96302,valid,
gen2/generated/aquatic_coral4/r2_v2.webp,1024,1024,e4b2af464e99d6060a043b1649668068b7f1208ba502996cfaee1b9d4b636a35,valid,
gen2/generated/aquatic_coral4/r2_v3.webp,1024,1024,845e88bb4af2c5d7eb7599967492459f54f9efe932b4b3cf3a797d2c618e17b1,valid,
gen2/generated/aquatic_coral4/r2_v4.webp,1024,1024,3a62a0bce80256736fb90c00268af7e871a35b169ebb65b0b6dc6406bcf845b1,valid,
gen2/generated/aquatic_coral4/v1.webp,1024,1024,c412f461dba349afa59673e3c8c7b45cbd4be9639907a8715e60c73c51e5acd9,valid,
gen2/generated/aquatic_coral4/v2.webp,1024,1024,3f8d473a883ab1529bcd8fcd5f8e819b5562cbc3834210253e99a10e554d32dc,valid,
gen2/generated/aquatic_coral4/v3.webp,1024,1024,dd67cd0b032d5f6fd423fdd367eb8befab405b8f5d9f132e7c8b043a9dadcedb,valid,
gen2/generated/aquatic_coral4/v4.webp,1024,1024,5d79f3b1a759358073ab916a2cfbbe5226bc0441f7650ee41f89c80a7ca752a2,valid,
gen2/generated/aquatic_coral5/r2_v1.webp,1024,1024,a983c10a0b639e2cc62ed7ef4bc19725fcf36c747aad23b42d0bfeb915e191bc,valid,
gen2/generated/aquatic_coral5/r2_v2.webp,1024,1024,03059b35c573e7825dda0ebc979a979a3b8dff1cf561bc575fdb9bd1de595203,valid,
gen2/generated/aquatic_coral5/r2_v3.webp,1024,1024,56dc6d0ff194445448214a3fbd27e01dc6d5fcda21e30db8a2047c93bb9dd80c,valid,
gen2/generated/aquatic_coral5/r2_v4.webp,1024,1024,789b57376b01896c375bc62bbcae71e9fa7001e0f292f13f1463d841f78be267,valid,
gen2/generated/aquatic_coral5/v1.webp,1024,1024,08b6b6c71a50f5c4fcbbcc2937bf1be8e9b20ee3f11be43bff5cb0a80e2bdb8f,valid,
gen2/generated/aquatic_coral5/v2.webp,1024,1024,4bdebbc6fed789439aaca8a07de22dab3335a76f78f5e8f0cc66ac00aaeb5288,valid,
gen2/generated/aquatic_coral5/v3.webp,1024,1024,2ca95d90c80c11691979c383e83061c2d9bb296276358da9f48cf3aa4af6f2c6,valid,
gen2/generated/aquatic_coral5/v4.webp,1024,1024,bedc91c67c0ebede1fbd7f020df111455507f2af6482322bd21e8400e32fce37,valid,
gen2/generated/aquatic_coral6/v1.webp,1024,1024,a2a31a6405408d2f52d68fba514b4520515acb2aaa4c835a2b4415459255d00e,valid,
gen2/generated/aquatic_coral6/v2.webp,1024,1024,8ce2faddc144704f969577dac4822c646d9f19b7d8bcb489a76657ee91dc2ca8,valid,
gen2/generated/aquatic_coral6/v3.webp,1024,1024,6d996ef7ca5313f6eadd03b19d1889557f6d8cadf52ede6cdefac9caf1ef89e3,valid,
gen2/generated/aquatic_coral6/v4.webp,1024,1024,3d2af2bd341f40bf05f6ff06f4d5038a38778ccf94f5b5fa372ffaa201ea2521,valid,
gen2/generated/aquatic_crab/v1.webp,1024,1024,9753b8a6a1977fe6d8c426e65de4b4a3ed2d1e4ebe15d191e0923f63fb980b55,valid,
gen2/generated/aquatic_crab/v2.webp,1024,1024,32d1495e474aa3478d2223ebef56f86bd205134cb2e2bc1036d7c0821314f0e6,valid,
gen2/generated/aquatic_crab/v3.webp,1024,1024,b15c45f84c3e263b5631fff466e2129ed1b4390c5e943ea741f9b0c532c19f8e,valid,
gen2/generated/aquatic_crab/v4.webp,1024,1024,b06184153963e41bf70ec50c7494bb9a43daa9e0adc5c110d1c7e830cbb08500,valid,
gen2/generated/aquatic_dolphin/v1.webp,1024,1024,a06228447636ea88fb6b9a7f7b7644e73b6a449201a6fa49fae31d1244abd996,valid,
gen2/generated/aquatic_dolphin/v2.webp,1024,1024,de0f2e6aade6097f13e1c44a3e81b82adad8150122af7dd23c22d8c4b216397c,valid,
gen2/generated/aquatic_dolphin/v3.webp,1024,1024,4874ad83ef4bb6c80adbbe4f1a1ae79cb41d59550237b6b7c9581d21bb0d749a,valid,
gen2/generated/aquatic_dolphin/v4.webp,1024,1024,16f66fcbe3b84344216b2d07074ee91df5d262af82e49852d68903b3fb602b7c,valid,
gen2/generated/aquatic_dory/v1.webp,1024,1024,a498c366be1e91ef5dd4874ffa48608dadef5184f18d6f1da13e2b7415ffb3e8,valid,
gen2/generated/aquatic_dory/v2.webp,1024,1024,9ec5890137ffaee103f597fced5c29bfb790ad8b5885d240b05074cc2822d150,valid,
gen2/generated/aquatic_dory/v3.webp,1024,1024,6c6b9908f3af86b45649b48b2190899254a0e46f828c319178c2dfd6924f9c3f,valid,
gen2/generated/aquatic_dory/v4.webp,1024,1024,47da77eff3806ac293174f33ca4ee4f7eec45a08384c0114ed5dc5aa9b6ae439,valid,
gen2/generated/aquatic_eel/v1.webp,1024,1024,afddab27b5d15ae13dc2ed8d45afea1083532a135f2dbc0842defe8c17214994,valid,
gen2/generated/aquatic_eel/v2.webp,1024,1024,221a4c5dee5a78de40e771f493fa89864c0d5cf0a834d1483718c76d2c60d099,valid,
gen2/generated/aquatic_eel/v3.webp,1024,1024,df630366682cb345f51e4aa19fbf0682e6096fd311b6585e3b79aa10ea5a9557,valid,
gen2/generated/aquatic_eel/v4.webp,1024,1024,b8a5933b672b955a9edb204ed816b63f5fb07075cad8858ba604af485869a7f8,valid,
gen2/generated/aquatic_fanshell/r3_v1.png,1408,768,9913d865c0cb4f58b720e5adab4c2d19fb448cedf26bca1285eaa158a364fa00,valid,
gen2/generated/aquatic_fanshell/v1.webp,1024,1024,9affa0669d7f44e65c8d25d2808e8d8895084d29ea03b1317547b16aa931f34d,valid,
gen2/generated/aquatic_fanshell/v2.webp,1024,1024,3845b4effa0e4db241b8293c37217760e929dc98c46434dded2775ab2cee1c29,valid,
gen2/generated/aquatic_fanshell/v3.webp,1024,1024,2464e6a2c0d9a8973aabf5220bb095e57052d51435bf404122bb5b471fc3344c,valid,
gen2/generated/aquatic_fanshell/v4.webp,1024,1024,92459f8932d014d6d3d76c66ca2059e97d10d6f6b39f576b9d685ea57f449c6f,valid,
gen2/generated/aquatic_grass_tuft/v1.png,1408,768,e16ef427a96e0f8c19ea9ba5e9ac669899f1d4a2b7a65a650741a16daf09997c,valid,
gen2/generated/aquatic_hammerhead/v1.webp,1024,1024,a2b4edab2745059fa5a91a3739c94655bc7e49eaf986d38912d1dd52e495d432,valid,
gen2/generated/aquatic_hammerhead/v2.webp,1024,1024,7e74077ad4c83dcf10ed8d5bdfccd2c4e07e9b5b0309593107de4f16e8a18d3f,valid,
gen2/generated/aquatic_hammerhead/v3.webp,1024,1024,3cf3dbb81ff198cf69da6290d415a8edd6fec3c82ff37d6eee525ce6af8317e1,valid,
gen2/generated/aquatic_hammerhead/v4.webp,1024,1024,a6b48d9e0d366b8b420f30e6ed7ca8cec1f5d311f7309a5c573936c0f378119e,valid,
gen2/generated/aquatic_kelp_strand/v1.png,1408,768,29594413019d077adb85eb3dbfd6c074241168d36124598da923b79e3c991836,valid,
gen2/generated/aquatic_lobster/v1.webp,1024,1024,22661058b4245b23eafba8bb3b90f2e4812a3b9a9d08a5fd2bf07245abdd7ee0,valid,
gen2/generated/aquatic_lobster/v2.webp,1024,1024,573537d11de40c49623e2fff77a66ae1e37287d35cef88952f7a6eb07265a9a1,valid,
gen2/generated/aquatic_lobster/v3.webp,1024,1024,b8f235e766d137b4348d8b3d9bc2bb0a612f02d35afeacf8b24032bcac10493a,valid,
gen2/generated/aquatic_lobster/v4.webp,1024,1024,7ebb1f5f562cef348d259b81f3efc74608d2c28951a8b182fa3fe64dad989726,valid,
gen2/generated/aquatic_octopus/v1.webp,1024,1024,9b1f817ead10b8031d7aae7807f44fb8594b7f0c933d1521e04d12a4b4f0d1fb,valid,
gen2/generated/aquatic_octopus/v2.webp,1024,1024,f5b1d005225f7a8d88184da49a7ab339029b8db39ab8147fcf44d02a3adaeffe,valid,
gen2/generated/aquatic_octopus/v3.webp,1024,1024,5bf822d655561b5e54c3dd1bd76015bb361c985efacabff76a078fabbbdea4f6,valid,
gen2/generated/aquatic_octopus/v4.webp,1024,1024,4c4b2c8112e428546e50ec2f52d5ce6da1787aa21071dd51e2d04ea0447fa762,valid,
gen2/generated/aquatic_penguin/r2_v1.webp,1024,1024,a539b7918b0881e8ea9f1c0b88709523345b7b6d384aa73b0d93e02a300b248c,valid,
gen2/generated/aquatic_penguin/r2_v2.webp,1024,1024,ae9c34b441487ea5d14f518480fe58b474def271e0a69f92ba55767273e64e09,valid,
gen2/generated/aquatic_penguin/r2_v3.webp,1024,1024,3d94f6161de0ec4121499ea8d8c1aef5f05a908ed1fff3ac05d6447a4d716bee,valid,
gen2/generated/aquatic_penguin/r2_v4.webp,1024,1024,56f25d7725be266274734c7a8090b77302536ed0f3cfdf6d25825717d3f6bca0,valid,
gen2/generated/aquatic_penguin/v1.webp,1024,1024,f4923a3b7de05243ade02c545fb48902c6dc7cfbc8b2d38154e2abad5481dfa5,valid,
gen2/generated/aquatic_penguin/v2.webp,1024,1024,51d72f22fbb7daba2bddc9d04afef630119d6019855d981c44d99353a684cee5,valid,
gen2/generated/aquatic_penguin/v3.webp,1024,1024,47f0975b17c31e75797b2707277aa2a7f69a059db5e670a7b19f681e817f6f4a,valid,
gen2/generated/aquatic_penguin/v4.webp,1024,1024,27e9cb937034731312481984010e0c70024709f97e41ced49e1a2cf0e8b6b8d5,valid,
gen2/generated/aquatic_rock/r2_v1.webp,1024,1024,c12ffbf0695a2c57e939022bd11e80bd308fad51b8ea2ec4bad8c1a5038f8d31,valid,
gen2/generated/aquatic_rock/r2_v2.webp,1024,1024,5d4dc0b6342043624bf63c8d7fd64c2fe56c72b8d8e9f59b09c9122c55567578,valid,
gen2/generated/aquatic_rock/r2_v3.webp,1024,1024,0d6d2271c86e0af4a9059b6236c5cea18d089a57fbfc73e186da9738a1f410ac,valid,
gen2/generated/aquatic_rock/r2_v4.webp,1024,1024,4d6575dfe7fc9dfe8602cc2990fc7178d0f7ab2fe187f137424142bc881623d4,valid,
gen2/generated/aquatic_rock/v1.webp,1024,1024,353ec0e8505ec435f261e966ffb88f2482cbafdfb3ea6f34817fb7ec8066223b,valid,
gen2/generated/aquatic_rock/v2.webp,1024,1024,4bac92652d042e9ef6a89e0150a755fd7587e3312387afbb729896bc18fbf398,valid,
gen2/generated/aquatic_rock/v3.webp,1024,1024,980d5283a3a29366fc136f252adeb5514b410d9d8216cd88a8cc8cc955008e86,valid,
gen2/generated/aquatic_rock/v4.webp,1024,1024,b85b037bff5c653fd7a00d07d92a46b875e8365459ff51eb6868d72b1a9d7f47,valid,
gen2/generated/aquatic_rock1/r2_v1.webp,1024,1024,7bfc59a575c7656ab7d4d41a8430f09104976fcdbce21356750c86b9ad0985ab,valid,
gen2/generated/aquatic_rock1/r2_v2.webp,1024,1024,55be573b9dfe4f35c0bbda6561d7dd515e29b4c112097a1ffc9d9a7e6e3a63bf,valid,
gen2/generated/aquatic_rock1/r2_v3.webp,1024,1024,f1c53c6c57ec620aed64ea8b2318b63131df45adaef13fa0e79f830a90aff579,valid,
gen2/generated/aquatic_rock1/r2_v4.webp,1024,1024,3dca78c39bf9296cf817f115aac363e4bcbea913b93b09cda15679249e2475f1,valid,
gen2/generated/aquatic_rock1/v1.webp,1024,1024,4e69cd681e3839a211fc128301142eee81706408e3802188275f83c9fa8015df,valid,
gen2/generated/aquatic_rock1/v2.webp,1024,1024,0dbaf38a3dc80065156621c7efef5704624c57d5ac360eff6b4be3a6ad690a24,valid,
gen2/generated/aquatic_rock1/v3.webp,1024,1024,78a99d58dfb487ec743248b2b4fe34da3bd8773f795999dbda1a56b663f3841d,valid,
gen2/generated/aquatic_rock1/v4.webp,1024,1024,7ae226c372e0173be551133bef237571c87b315fde0384807c3863fe1e4696d0,valid,
gen2/generated/aquatic_rock10/r2_v1.webp,1024,1024,5abe255a52c2555c96f80907b52a4bbe1e3a0ead890d776e2e37745c842939b5,valid,
gen2/generated/aquatic_rock10/r2_v2.webp,1024,1024,d3c2f4213621f81450ebe8d42251b22f0bb8ff80a3bb6826dfe2082f98ca28ef,valid,
gen2/generated/aquatic_rock10/r2_v3.webp,1024,1024,3b4465dc8091376171450496f89b9d59eb39fe62d31112d3bf4668424cc01d24,valid,
gen2/generated/aquatic_rock10/r2_v4.webp,1024,1024,0085f42454987f57c54f5d81c07f508fa2338605172fd921d30dfe13080202f1,valid,
gen2/generated/aquatic_rock10/v1.webp,1024,1024,336af7b418438569dcfccb6cd5180979f23d6599ffdedfb340f9d784cabd53ad,valid,
gen2/generated/aquatic_rock10/v2.webp,1024,1024,55cff6c62d5758d03bcf8b65d94c27be50713996e376d59594fb16c3c64acfe6,valid,
gen2/generated/aquatic_rock10/v3.webp,1024,1024,017fbb449c1449bf7e97c233a13910f5c171fa18dd0be944af93fca632188c97,valid,
gen2/generated/aquatic_rock10/v4.webp,1024,1024,9da0b15f03743874f0bb81cc17827198a0278523fef7e812e65853fe9e845969,valid,
gen2/generated/aquatic_rock11/v1.webp,1024,1024,3ee7b07d6d2275b393034ae37421c20a660eb7d3c63213a759e1c6e119457c57,valid,
gen2/generated/aquatic_rock11/v2.webp,1024,1024,9d169e213ddc7e4e730c65c13a04f5cd6b9c8c793d4aa4f38c2ef454505b96be,valid,
gen2/generated/aquatic_rock11/v3.webp,1024,1024,6b535f0d52c40fa07f58649e3235b7cc97310a087b7c88934845bc2798721136,valid,
gen2/generated/aquatic_rock11/v4.webp,1024,1024,e48d20b82c25ca5210efed741fe0def66b28aaf868918666a34956141d327d31,valid,
gen2/generated/aquatic_rock2/v1.webp,1024,1024,6747b89dd73008db048ecfc1da5e95faac18947aec981e72a681e3cfbbe938ca,valid,
gen2/generated/aquatic_rock2/v2.webp,1024,1024,0085c9f44997c8f80940763ac9a5f2727cff1c79b370d849a33441da8a5c5d53,valid,
gen2/generated/aquatic_rock2/v3.webp,1024,1024,df6f6175a4b721e0f0a6b3b8a7a734da8add0d1b76d0d9c75b15a579c75681da,valid,
gen2/generated/aquatic_rock2/v4.webp,1024,1024,538739b24920c3ce93ade7ba3949fe967a54233460d254a5ef7d2d004876a8e7,valid,
gen2/generated/aquatic_rock3/r2_v1.webp,1024,1024,127547da04f206eb0fd090873bb92dd4ee47c005913162ded45b64ef3ae75731,valid,
gen2/generated/aquatic_rock3/r2_v2.webp,1024,1024,15be9ca8de4c2f9e5c413698129f42752c0e4216e22c661f0f1e51dd0c5b70ff,valid,
gen2/generated/aquatic_rock3/r2_v3.webp,1024,1024,74e1ec65adeb914b9665f4b783fddc53df89be44a97e24c01648bbc71a71f67f,valid,
gen2/generated/aquatic_rock3/r2_v4.webp,1024,1024,e822d752d7dd4c6f2c78f3bbb9276157cbad65b96966045d48fc3bf7cc59af70,valid,
gen2/generated/aquatic_rock3/v1.webp,1024,1024,c6932d9c7713247d13bd8e7d88899978ba496c97d07a7f8c441025c2389fca0f,valid,
gen2/generated/aquatic_rock3/v2.webp,1024,1024,891c667751e90265c792a9aadfab84c6947d960e69dcc3c85a8a7ca3a0e1028f,valid,
gen2/generated/aquatic_rock3/v3.webp,1024,1024,6b0f1c3f4bd20306e6fb48395fa9068623e54aa5b38e2e48aaaebcde711a165a,valid,
gen2/generated/aquatic_rock3/v4.webp,1024,1024,72380ce49400a245a6062f98b567166c7c0ef83b5c8013064ab8625ad5c0170f,valid,
gen2/generated/aquatic_rock4/r2_v1.webp,1024,1024,667a7ac4c6db6b62d2777c0ac926b52e2a2872b7be03e43003c8ccc9f0bab498,valid,
gen2/generated/aquatic_rock4/r2_v2.webp,1024,1024,a833635fcb90c30dc38701f925cd35deff2f71c41927bec7c714996d9902685c,valid,
gen2/generated/aquatic_rock4/r2_v3.webp,1024,1024,85f07c9107cd3a3b7631b3f466b95b285188281ff96216fed4db7a753a6c50d1,valid,
gen2/generated/aquatic_rock4/r2_v4.webp,1024,1024,766e3bcf23b7dd3f33f9152d0b129260fd21b9554dfc738c4a29ccabacd5d3f1,valid,
gen2/generated/aquatic_rock4/v1.webp,1024,1024,f319b2717b61b9f8fd90a14041d952c4647a0bee5e05a9c83f87e53d4eb8dbeb,valid,
gen2/generated/aquatic_rock4/v2.webp,1024,1024,309a6b80426fd4c1da7938d85184cdf4e1baba08e66922b8a8431244416c90c1,valid,
gen2/generated/aquatic_rock4/v3.webp,1024,1024,35588e313d55237feae3d8a8018197062352d1de9e0b319388df3b0639188224,valid,
gen2/generated/aquatic_rock4/v4.webp,1024,1024,9fa4ecfba2cca22e25c0d26aca901310d25d45e6905b4f33e4a0d2f419e05b9d,valid,
gen2/generated/aquatic_rock5/r2_v1.webp,1024,1024,b26462348615d55485671494f0ed3fe4fdca816a16c6a8a3c74efbfbc2be8dda,valid,
gen2/generated/aquatic_rock5/r2_v2.webp,1024,1024,0c51e8f42cc1c81590575c9a96de8850f07a033f6a799d47eaa4528aa1eb3a4e,valid,
gen2/generated/aquatic_rock5/r2_v3.webp,1024,1024,015e9fdac00216b74dc81270831d53860608504fb69ee3f281aaaebaff121dce,valid,
gen2/generated/aquatic_rock5/r2_v4.webp,1024,1024,ba75495ee2114b04764f8005533b4548c8c678a1a0f1f746d1a59c33144ae093,valid,
gen2/generated/aquatic_rock5/v1.webp,1024,1024,944e487e41b1305bb3f48279999635fdeedaeb0a8cc0e62b8f6cb1a73099f613,valid,
gen2/generated/aquatic_rock5/v2.webp,1024,1024,3a754df46006f45a05c5fa1384b846166bdd403656eeffd94aee2286f00b32f6,valid,
gen2/generated/aquatic_rock5/v3.webp,1024,1024,c3a5de167be5aaa554486ddbce57dbd7f6d93e07154bb8584c6101f7555bdc6e,valid,
gen2/generated/aquatic_rock5/v4.webp,1024,1024,915d8be299aeba1328cd74b9f91aaa2b5826933628b4cb2c333d04a1662b5bcb,valid,
gen2/generated/aquatic_rock6/v1.webp,1024,1024,673e6df98ec419b883ec4c70c824e4a4af47e32b7d8cd7ce156967f3b3c6fbf8,valid,
gen2/generated/aquatic_rock6/v2.webp,1024,1024,bedf3fe2c570c8596216a0063079478dd55e8466c7930fb342a2939806ca358a,valid,
gen2/generated/aquatic_rock6/v3.webp,1024,1024,6921b5dfbc32e80721ed8f462b9da3fa3b17cb9907bc5018e590059431e26e5a,valid,
gen2/generated/aquatic_rock6/v4.webp,1024,1024,c2f03f7e474953406f01725f389bf7583ef9243728d869dade18f3f5494eff0e,valid,
gen2/generated/aquatic_rock7/v1.webp,1024,1024,6d813b66a50dec5ab3000258038a205b2cb9666c0d5548bf756975943e1c4cb3,valid,
gen2/generated/aquatic_rock7/v2.webp,1024,1024,ca1bc4383431adecac6689b553b6159e145c2f858f165ec1b3d8ec8e7ae0ed8b,valid,
gen2/generated/aquatic_rock7/v3.webp,1024,1024,b478658b0e4ac9847347ecadba5127f93dc42ad08b0d0f31d27d4de9a4866f66,valid,
gen2/generated/aquatic_rock7/v4.webp,1024,1024,57dc69f291aaa3e7b02d2592df67f31b2546571da49908b4a46ece71e764d8c6,valid,
gen2/generated/aquatic_rock8/v1.webp,1024,1024,bca32e6e3790ce2ec250d29f3a04e31dc7398fa4588ce667353048d1452762ca,valid,
gen2/generated/aquatic_rock8/v2.webp,1024,1024,62d54570b9bba84eac971abb5d6c43356413a45a4b86fec6abaecdfe410a72af,valid,
gen2/generated/aquatic_rock8/v3.webp,1024,1024,57529ab74b0d1a4ca3c1430aafc189f4f39767b04002ab8e5cc84e56747139a5,valid,
gen2/generated/aquatic_rock8/v4.webp,1024,1024,0853f0d78efc7489427f42a2acdbe4f90bb276d01df5fb2632969b59d5cf2d55,valid,
gen2/generated/aquatic_rock9/v1.webp,1024,1024,da87cce33a21b1df4fae8574f730eefc0ff99bac3c0fc9acb9d25da34f831d46,valid,
gen2/generated/aquatic_rock9/v2.webp,1024,1024,fc27c59d87827aea6557b3387ba6a1601297420cdfbcddf32423c4d63b942041,valid,
gen2/generated/aquatic_rock9/v3.webp,1024,1024,2d5304549771aa719da764414c87276717ecbc256867202be9a20ff92ea5a9ac,valid,
gen2/generated/aquatic_rock9/v4.webp,1024,1024,84dc2cdb06deb905042db93cc96438083d89bdb1197e01d668a0751c7aa87f3e,valid,
gen2/generated/aquatic_sanddollar/v1.webp,1024,1024,ad9cd737108228537b3baf593683fee808ecc54897079e15170103ec48eff161,valid,
gen2/generated/aquatic_sanddollar/v2.webp,1024,1024,7db0434b233ed3ef55f5dccc6442c603bd06dfcabd01050db68eb35ef3aac39e,valid,
gen2/generated/aquatic_sanddollar/v3.webp,1024,1024,92687442652d34e117a188968d98b7cc83cca844910c876c08ab4b29427178bd,valid,
gen2/generated/aquatic_sanddollar/v4.webp,1024,1024,20fc9613d4526f18848dbc9b2f6bf83b5eedebeae7ad1dd9203da6c8a7b18017,valid,
gen2/generated/aquatic_seal/v1.webp,1024,1024,fc3d78f23501d6d741501dd7bedd70db6ae1f4bae94ed491b85f60d4268846ed,valid,
gen2/generated/aquatic_seal/v2.webp,1024,1024,a45ba305ae7a1d403406cce4259ebcefe2cffccb0f771dd30a62bde9856bd4dd,valid,
gen2/generated/aquatic_seal/v3.webp,1024,1024,407add5fad5ca9e9c582ec9bf4813d631285baf66a871271125d75e4e4f5a092,valid,
gen2/generated/aquatic_seal/v4.webp,1024,1024,f9c8d421f0e09a681cfae92aaadefa0f8d462b586bb9bd1b6c563301e4edd8b5,valid,
gen2/generated/aquatic_seaweed/v1.webp,1024,1024,a71d88883b9efe0749884c49477f9792c88ee64e166c642706807bcaa439730a,valid,
gen2/generated/aquatic_seaweed/v2.webp,1024,1024,a8955a2b33ed2b9199d80dc314f98e3352c7e191a26c656bcf97b6a5c1e6f9da,valid,
gen2/generated/aquatic_seaweed/v3.webp,1024,1024,b8c9320b5ff131dd0f92ee1cc2bf7166aa1198fefb9652e4e60c8372753a6ef8,valid,
gen2/generated/aquatic_seaweed/v4.webp,1024,1024,68465c8ce1adf7e454e01c2af59ab246513f64054e573acf958fc3b1991d213d,valid,
gen2/generated/aquatic_seaweed1/v1.webp,1024,1024,2a58c98d64c337a4db6c0a05f1b5e354f52ef5c4ae54019c53a1a7a37489d24c,valid,
gen2/generated/aquatic_seaweed1/v2.webp,1024,1024,896980bbd6fcebebd1f6c625707ecd1b5022e9d9c9c598d7b1ae67e7b80f6683,valid,
gen2/generated/aquatic_seaweed1/v3.webp,1024,1024,93c52ad324e7378e3f05e001512bb331f6f9e06b389368180fb0d310ef01ed0e,valid,
gen2/generated/aquatic_seaweed1/v4.webp,1024,1024,e900596aedbd1e35924cbf87e6c4c9b359256fa7ae88030f85754fd363e7d9b4,valid,
gen2/generated/aquatic_seaweed2/v1.webp,1024,1024,0a69f8077bcd2051c6f09fdb89bd05de609e323cc49822f6db849ee777be56ed,valid,
gen2/generated/aquatic_seaweed2/v2.webp,1024,1024,1b3c317be7694d49c5b1404a68b8f333264135120abf1969dda2ca6873b37ac8,valid,
gen2/generated/aquatic_seaweed2/v3.webp,1024,1024,a81d7c0c2493593293e936a6d2ac8f504c3ce9ea63ef53588286c118ad11de57,valid,
gen2/generated/aquatic_seaweed2/v4.webp,1024,1024,5c3f024029471daf42c0d54e017a56e251cb1977ea5743e1114e1e66eeca178f,valid,
gen2/generated/aquatic_shark/v1.webp,1024,1024,077e8260152516cca34701d41e9a1859d2d5617bff26902d77e2a972d7d18d26,valid,
gen2/generated/aquatic_shark/v2.webp,1024,1024,702aa1e4c1b3b72399ed2badf02afd13fed40931368ef74b349d848536a914d2,valid,
gen2/generated/aquatic_shark/v3.webp,1024,1024,1151d18e0b145c5fb114fb1b37c5352815c73c30cdae179b0cd01ed6f242a883,valid,
gen2/generated/aquatic_shark/v4.webp,1024,1024,f089b0899f05f096211e70b2d51b1f2bdf03231012e460552a0852a2320ebf7b,valid,
gen2/generated/aquatic_smallfanshell/r3_v1.png,1408,768,2c6d441f04bba8c3b25184c4d474d878b22af93944785a1b9fb1f01e8913b282,valid,
gen2/generated/aquatic_smallfanshell/v1.webp,1024,1024,557028e063f5c1ed1f401852631f956b3d6e5a754c1b9afb57648d1a9fb68237,valid,
gen2/generated/aquatic_smallfanshell/v2.webp,1024,1024,12ea545f8bc2bfe6d3c6f5a2c3cf360a71be41e1b8e7d5751a74640b6ff4271e,valid,
gen2/generated/aquatic_smallfanshell/v3.webp,1024,1024,90c4e0929e989c7f33e84231e014fe0a3793b9a3104e53424c8ac6a90cb6b459,valid,
gen2/generated/aquatic_smallfanshell/v4.webp,1024,1024,f28316a776eb28c1af0b25e72090e72582a3dd13a84bd53a0699284f15bc51b0,valid,
gen2/generated/aquatic_spiralshell/r3_v1.png,1408,768,5a7df3fbf9eb630d0e150fc46a48dd4aecce1070f26f785c7ffa701714211bff,valid,
gen2/generated/aquatic_spiralshell/v1.webp,1024,1024,93b748bc1834837b25ea39151fb4fd2765395f13e1402a5c81e7fafbec878324,valid,
gen2/generated/aquatic_spiralshell/v2.webp,1024,1024,da43044e085ed96d670f4816f3ce6bb135c9b778bdf7ef06ef4b27f7915f5e06,valid,
gen2/generated/aquatic_spiralshell/v3.webp,1024,1024,a7313464c78e81be246cb829805e1970254c2b64196e2d02e793f6bc82e27c1f,valid,
gen2/generated/aquatic_spiralshell/v4.webp,1024,1024,4902efb03483ab67bddec22d5dc4cd7080e7c31ee6c0fa0e1fa51b33139396ea,valid,
gen2/generated/aquatic_sponge_barrel/v1.png,1408,768,32d3b723a6ea1f237cd4e3876337a414f985d86650a2eb3a0b1f8ecc8e02a19e,valid,
gen2/generated/aquatic_sponge_tubes/v1.png,1408,768,36c3dbef0309af7876c26046f37dd7fabdb4963cbe461abbbd587efba139ff08,valid,
gen2/generated/aquatic_squid/v1.webp,1024,1024,20ed75ea3664a0ae0f5f6db954ce190c01f2edb34904b9b4500037646a3efbee,valid,
gen2/generated/aquatic_squid/v2.webp,1024,1024,00e6dd535200f5cc8917d7e25f98c62e9ffdc5b61e5eb967c8727ce43f256f6e,valid,
gen2/generated/aquatic_squid/v3.webp,1024,1024,e5707ce2c217ef7df4fc1fd1dfbcf8c5bd71c9f1f4be8a6cbf1a0f51b419807e,valid,
gen2/generated/aquatic_squid/v4.webp,1024,1024,d44330129de29cfd913bfac204d64013a8e000b9f88a6c7cf84f3b241c6c16a1,valid,
gen2/generated/aquatic_starfish/v1.webp,1024,1024,4ed36c031994594d60ae815ea8c48e9b261ee5b6f929f13f09155bce51346f8c,valid,
gen2/generated/aquatic_starfish/v2.webp,1024,1024,5c7a49e0ee43762f9e16c9db76c7b4d6a5519b140f2f58155a3b80a6183273dc,valid,
gen2/generated/aquatic_starfish/v3.webp,1024,1024,1a0f4a6f80a835b96ecf1833284c3a213a349d37f8bbaa2e7d4c0449a82b5ee6,valid,
gen2/generated/aquatic_starfish/v4.webp,1024,1024,a4b957133995d83dba930cf4bef2ba9af459fb581cdb8c954bb8460364381638,valid,
gen2/generated/aquatic_stingray/v1.webp,1024,1024,0441942b46ab1ed351272ff9a749ce3bd6e0edfe357b9df405207b75bd23de1c,valid,
gen2/generated/aquatic_stingray/v2.webp,1024,1024,1ca8e7871809a81e1556d4801f3a0cbfc5b1f952b5820f0439344f09cecf8c58,valid,
gen2/generated/aquatic_stingray/v3.webp,1024,1024,774575fa53aef5d772c28ead68d8858e4a7b5d03c27697b8e45c037e0367b13d,valid,
gen2/generated/aquatic_stingray/v4.webp,1024,1024,81a646acd0d0c18c083a1a75fb2255f86e15b8a512ffcb66c26460a3dbd5721f,valid,
gen2/generated/aquatic_tuna/v1.webp,1024,1024,f1116656bf56b244561f689141f527afd07de064b098917909dfb8c53416509c,valid,
gen2/generated/aquatic_tuna/v2.webp,1024,1024,b96a6d6911adc885fc21d1ba80570b9dcd170fe95c493198fe09abc2da5c9199,valid,
gen2/generated/aquatic_tuna/v3.webp,1024,1024,8b7f69c425cf2dc0de5c175236374404164f4cfa0536d43ae36f222da0384348,valid,
gen2/generated/aquatic_tuna/v4.webp,1024,1024,ae64059b16df17f69c091ccef264273887b29c036d9d43224a931f6b971a8ff8,valid,
gen2/generated/aquatic_turtle/v1.webp,1024,1024,b40e7414f0864fe5e1ab2f0007be0b17f7b391793defc0168e9ba946786927c0,valid,
gen2/generated/aquatic_turtle/v2.webp,1024,1024,d6e81a76a720157d1b4a44af5f293f72f4a937712e3e475a1c4923ed926685f9,valid,
gen2/generated/aquatic_turtle/v3.webp,1024,1024,c05e9872b43a382bd4429363678b92952af4ad15e7db8a66414dc5cf48f1a7bb,valid,
gen2/generated/aquatic_turtle/v4.webp,1024,1024,20b59c09636129bf11a9a29f023beeedb5c44bfdeb6ada861f52e411ef7b79d3,valid,
gen2/generated/aquatic_whale/r2_v1.webp,1024,1024,86ec0ce1b77db5da4d0458cace1c5f7375aa9998fa43ff83675af41641b64007,valid,
gen2/generated/aquatic_whale/r2_v2.webp,1024,1024,d4bca61511f05cf38cd00bbdace1db6fd6e6155cd417cbd669bd87c030caab8c,valid,
gen2/generated/aquatic_whale/r2_v3.webp,1024,1024,40cfda184d2f4a314779852675a5ee07e8c6ba03e5a791525a25d49b9bc9425e,valid,
gen2/generated/aquatic_whale/r2_v4.webp,1024,1024,057d9b1339831b7876ee1ee9e79accc518d1ef35d4e2cf3479a6e5c7d8daf27b,valid,
gen2/generated/aquatic_whale/v1.webp,1024,1024,fcc6f46f219f18001638a7aa74bd78ffa72034983bb42b3e0b534058106afbb6,valid,
gen2/generated/aquatic_whale/v2.webp,1024,1024,1e66f889d6ef988ee0a8b94e1182e52b5dd0036859fa3d31f151a0a596eca6ef,valid,
gen2/generated/aquatic_whale/v3.webp,1024,1024,d630166339145fe5898bbf0f289fcf8cbe652079fd0246aeb7ad12dd25d46ff6,valid,
gen2/generated/aquatic_whale/v4.webp,1024,1024,f697d546b0f12ceff7de9d62e5895ac3ad3bd9d48356303d44cd8adb56da182b,valid,
gen2/generated/bathroom_bathtub/concept.jpg,1024,823,59c0e68131aebcd96d151fa341a538e2f6acff7b67ab563224e58123d522633e,valid,
gen2/generated/bathroom_sink/concept.jpg,683,1024,b5662344a1516f97045e694f38eac522aeb06b597d4708e8cee406ebb3563d3f,valid,
gen2/generated/bathroom_toilet/concept.jpg,873,1024,03055d3af3cf4117b985db7febfae425f6044951793a88a5758365423989dea4,valid,
gen2/generated/castle_bed/v1.webp,2048,2048,d4fbec9fd6c280fc383046d3a3204ecc9b7c63909826cb4196b685f1960e09ea,valid,
gen2/generated/castle_bed/v2.webp,2048,2048,4129064d464bfcc47dd86a0b7e440adb30055ef6665dc7244d50f2f5f07caad3,valid,
gen2/generated/castle_bed/v3.webp,2048,2048,90286b8b18c9dc023b89eebc9669434cee3175140b96a3ae6b6f7f1e3801d06a,valid,
gen2/generated/castle_bed/v4.webp,2048,2048,f5557eecdcda2f17f44fd339dd4a8c4c281b1027b67b432e3947e0e90c1e0951,valid,
gen2/generated/castle_throne/v1.webp,2048,2048,b071d4066761839dc870e1e251aeb9591b85cd3c100d247eda535ba034624730,valid,
gen2/generated/castle_throne/v2.webp,2048,2048,67ec0cc8e9c53a38976049e4657069c1655cc44bfccd243f25232333dc6e4d5d,valid,
gen2/generated/castle_throne/v3.webp,2048,2048,43963eaab80720295236f5c880fcc6633824ba1c572dd8ecdf639369ac61044f,valid,
gen2/generated/castle_throne/v4.webp,2048,2048,89037cc416bfc1a8153396b2dea4c4fb6bcb8e1f90b442bac188b03cbf4a1f39,valid,
gen2/generated/galaxy_beetle/v1.webp,1024,1024,961918b6c8b0d327a8e9b73528a7cf57d034b0ea9ec3f1f43049ece057809729,valid,
gen2/generated/galaxy_beetle/v2.webp,1024,1024,d193ca90a14ecd1d34d9eab79e5ace9020127da09d6657472264d4ed0b865a5b,valid,
gen2/generated/galaxy_beetle/v3.webp,1024,1024,7cf83edd9f4757fa9d57ad2402c2aa82989e9f0c9c5afd8040802c334865fbca,valid,
gen2/generated/galaxy_beetle/v4.webp,1024,1024,d399fa6663b0b9512b4d8d142e26764b719e4d8c8c7e0a531250edf11aaf67b0,valid,
gen2/generated/galaxy_butterfly1/v1.webp,1024,1024,2f8714e656514bc4a3f44684ac42ba58967d46b20103cd85a7aecb031132ead4,valid,
gen2/generated/galaxy_butterfly1/v2.webp,1024,1024,eccf7e960b4ca2611a21ce4bdc5119d1558d7c8963876c984b9aba94c368f81e,valid,
gen2/generated/galaxy_butterfly1/v3.webp,1024,1024,22b91946bbb3e5410be743c358c771d73cd5b654e28fe3866f23cf3b2530bded,valid,
gen2/generated/galaxy_butterfly1/v4.webp,1024,1024,ea2cd93890facea1eaa8a2e3a4b586165dfcf597a20047c71ca52d6a29d30d28,valid,
gen2/generated/galaxy_butterfly2/v1.webp,1024,1024,b3c00eb22d94f347a6ba4792dd4f84d654f9fdbfd096df09ad33c267a9d10f50,valid,
gen2/generated/galaxy_butterfly2/v2.webp,1024,1024,8fbdb52154a8196456bc15c14c5b08d1afda3a749445e00b9825fcd41eb5098b,valid,
gen2/generated/galaxy_butterfly2/v3.webp,1024,1024,f8b90f5c603150fe596e6f67cc0ae61b70f94bffc44d3f9139b010ec17c1237e,valid,
gen2/generated/galaxy_butterfly2/v4.webp,1024,1024,f4905c93b9cc740eb874cf4ba52c17655e8ac7e23c2c249b5b008d43acb138f1,valid,
gen2/generated/galaxy_crystal1/v1.webp,1024,1024,b54a8b274560a8922f67596e606608ae27b58af752ad60e655c7ce4edd0f1df1,valid,
gen2/generated/galaxy_crystal1/v2.webp,1024,1024,ada1408a16009ee5f80319bc6ea7b8f42ed0124d185574719228e15b9dc56973,valid,
gen2/generated/galaxy_crystal1/v3.webp,1024,1024,4f159a9dd4341c2adbe7240277412b9b24f2776c84a01f62370ecc478db8366f,valid,
gen2/generated/galaxy_crystal1/v4.webp,1024,1024,6710e1a9b23dc69843d4f66c82db66bfd0dce745247e0f9915cf0610f1e84004,valid,
gen2/generated/galaxy_crystal2/v1.webp,1024,1024,8f6b40f2586d898209d91a5020e870c0e4169ff9e07649bd84c91d3a2e3def7f,valid,
gen2/generated/galaxy_crystal2/v2.webp,1024,1024,f5e37d861b2d26564d89cd2d1199c9c5549836f067bf90b3cfded58a7b3afe65,valid,
gen2/generated/galaxy_crystal2/v3.webp,1024,1024,78019b64f2200a64586325cd0e700f05cdf44c0789a58a4abf38beab0d634e2f,valid,
gen2/generated/galaxy_crystal2/v4.webp,1024,1024,2f9d75c1b2f9e1d242f611b92a893fa138f9c680a3ccdcf5ded22680328747f2,valid,
gen2/generated/galaxy_crystal3/v1.webp,1024,1024,44b9e369b26633b0329000c678103f79bc10ca981990039a259b7abcb03ec617,valid,
gen2/generated/galaxy_crystal3/v2.webp,1024,1024,588ec97287d28bc93e4a0aadd79f50aef8db8dbb085ebb3fec8c5945aa9de409,valid,
gen2/generated/galaxy_crystal3/v3.webp,1024,1024,247c66740f69e24d8f8f0a56aa47fc4468293b9288b06229e892d778347c7c3a,valid,
gen2/generated/galaxy_crystal3/v4.webp,1024,1024,8db5c9b273b40bacd8ece121eba6da126648bbb18ce09a9bdd454b361d4d0791,valid,
gen2/generated/galaxy_crystal_castle/v1.webp,1024,1024,0c56f818d6559a6fcc483bd95aea5c60492db135dbbf37d3241f91b39eb98c9e,valid,
gen2/generated/galaxy_crystal_castle/v2.webp,1024,1024,3b11bfe3b6639191404bc23510894f114427a5e10022d1559f7262e24c9be9dc,valid,
gen2/generated/galaxy_crystal_castle/v3.webp,1024,1024,10e46ee5965dc1074edfc17fea06ce5b33c88ca8c5dbf4630f62b24c0bdcc5cc,valid,
gen2/generated/galaxy_crystal_castle/v4.webp,1024,1024,b60e8ce469bd149912503141329519276ff9801a36c50d7d8ccf74fc27571bf2,valid,
gen2/generated/galaxy_fruit_apple/r2_v1.webp,1024,1024,b0147fd55e856bba6a8c1015341e6c8d0a6c3ed301feb33ccd9998cc225fd731,valid,
gen2/generated/galaxy_fruit_apple/r2_v2.webp,1024,1024,b9e542f61f92a5e103af7d76199ba5e51f30b9d87bb4b86c608593b4d5efa905,valid,
gen2/generated/galaxy_fruit_apple/r2_v3.webp,1024,1024,cacee911cb7fc15ec2a45a42e9d5a45fbf07fb87524d81eccd827ed982787ad2,valid,
gen2/generated/galaxy_fruit_apple/r2_v4.webp,1024,1024,4e0729e368f896828c67947a44ddc20c0d776aba42e157654f1e4e808d8283d8,valid,
gen2/generated/galaxy_fruit_apple/v1.webp,1024,1024,e9208445a4838e2a3f339a8a1e612cb1af215d7a0cff60cbf48e13363c69d75c,valid,
gen2/generated/galaxy_fruit_apple/v2.webp,1024,1024,db9aa00141762187d3f16f61b442f645946e7e6837f311fc302780aeb47b58f4,valid,
gen2/generated/galaxy_fruit_apple/v3.webp,1024,1024,99a1ae88a330220897a5cf6fcd8a160498f47df469627c49af612e05bdccabcc,valid,
gen2/generated/galaxy_fruit_apple/v4.webp,1024,1024,dd1aecd501edc9b255308d7969ea8ad772ac62787dcb5870de7acd9e18627703,valid,
gen2/generated/galaxy_fruit_banana/v1.webp,1024,1024,aa3cceb90cb8ed6450b9f2f35e823a94fdca36ae796dada30fbcd957ebb70d83,valid,
gen2/generated/galaxy_fruit_banana/v2.webp,1024,1024,17611459875774c051b0e477fd008f2424d84ec93a4796700435bc51041168bb,valid,
gen2/generated/galaxy_fruit_banana/v3.webp,1024,1024,966fed898b05c69dd08218adc9bf5f511048e491219ea5c8ee9703fc5e04f7c9,valid,
gen2/generated/galaxy_fruit_banana/v4.webp,1024,1024,6eef554e85b5061bb63fcc3da89b9c9a940760fe174853255cd11cab24bd19b6,valid,
gen2/generated/galaxy_fruit_melon/v1.webp,1024,1024,2cf8b74b83a7315262ca8d925cc8db2522929cfaebbfa58ae5f3dc9e729c7c0c,valid,
gen2/generated/galaxy_fruit_melon/v2.webp,1024,1024,a8ac50c1d1a82ecd39844f65c1dff06417d0ebd4b1e8e22376ac857b27314432,valid,
gen2/generated/galaxy_fruit_melon/v3.webp,1024,1024,6ad0bf2907a6a276be7b7f1cd80fd62b4039a95f19072824556222d1f2727659,valid,
gen2/generated/galaxy_fruit_melon/v4.webp,1024,1024,a751bcf1311f3501a99eb7e894f886bce5e07739b7f0d74e9746bc7584b3197a,valid,
gen2/generated/galaxy_fruit_orange/v1.webp,1024,1024,2c06d1439fc6e9c795da2ad348eda55f740e272429dc39db65d6a80d4317746e,valid,
gen2/generated/galaxy_fruit_orange/v2.webp,1024,1024,b4bdc0179711449102a09e3dd3f326334c7a492aba1758306a972f7de3d30f82,valid,
gen2/generated/galaxy_fruit_orange/v3.webp,1024,1024,1ffb2b2f12a4b38b03bda84323492fcfca81d78c8b4e8842ccedcc0ffaae4c00,valid,
gen2/generated/galaxy_fruit_orange/v4.webp,1024,1024,81511008f2c43d782a4d27382222474f9481586611a10ba40868ffa6018e60bc,valid,
gen2/generated/galaxy_ladybug/v1.webp,1024,1024,3e4e4d9391e3f67e4b9a8464780629669f9f0cd9be0f41ad0263e43e6b301826,valid,
gen2/generated/galaxy_ladybug/v2.webp,1024,1024,eb35f00e9b82c197604ce04bae2bae69437c1fd385184bf3bcf2d16e34999740,valid,
gen2/generated/galaxy_ladybug/v3.webp,1024,1024,92ac38cebb0c11268a54333bf5cd6eb0725cef5097af6a5131fb8f18773dfb5d,valid,
gen2/generated/galaxy_ladybug/v4.webp,1024,1024,3bc35d021690e9b0c77c2346f110a163b48dd10d576368d15e1e7301acbd400f,valid,
gen2/generated/galaxy_tray/v1.webp,1024,1024,34e7585fb76992c747d6f7f3286ad66d0b3328aab3bcbf3c9880533e43d8163e,valid,
gen2/generated/galaxy_tray/v2.webp,1024,1024,ec102a6db3fb9562302904998f79bcee3ec66c8852d64db2b1da9c59b45fd848,valid,
gen2/generated/galaxy_tray/v3.webp,1024,1024,e1abc7f49475470e4f374b4087111bde3e746fbd15b1a8ffcc395524811a5d66,valid,
gen2/generated/galaxy_tray/v4.webp,1024,1024,a262ae76852dbeadc1cc71b83d1f1d11af0634cd596aec7bc6e5140e1f927b45,valid,
gen2/generated/galaxy_trop_bigleaf/v1.webp,1024,1024,b0cf2aa1439a2c668bbe7390b413ed937c95b0b6d6bd3054318ea6a239fc77fc,valid,
gen2/generated/galaxy_trop_bigleaf/v2.webp,1024,1024,543531e5a2080700dc049ec9da986bf7b32333b03c1fc9004844fee50a7c4047,valid,
gen2/generated/galaxy_trop_bigleaf/v3.webp,1024,1024,27e2207d31cf137aacc255c6fca83ed766805effefbc14b5d432a4ff500db252,valid,
gen2/generated/galaxy_trop_bigleaf/v4.webp,1024,1024,bef5f06a435878a05fe44464ca29295391ce7967a33d55a354b89d4bd50a51cd,valid,
gen2/generated/galaxy_trop_fern/v1.webp,1024,1024,386371efa878d6a18d58bad0443b22e990e1bb0c31cd9916b49728ecdec7af23,valid,
gen2/generated/galaxy_trop_fern/v2.webp,1024,1024,34a58f5b941a7241ca925c9f42a8268d804ec0b25cb071790cf2cc83c518705d,valid,
gen2/generated/galaxy_trop_fern/v3.webp,1024,1024,fee383436f25871394562becbfd9eaa49919344d7bf214c2f90c5f90be3b9dd6,valid,
gen2/generated/galaxy_trop_fern/v4.webp,1024,1024,88982f66f12402bff8a32013e968bc15fcea1d404badbc48fc78a1a51ced75aa,valid,
gen2/generated/galaxy_trop_monstera/v1.webp,1024,1024,e25db1ba0cb35119edfebbf7ba375b2d347323d3f14f3305d6781af15df7a42d,valid,
gen2/generated/galaxy_trop_monstera/v2.webp,1024,1024,6b6736d4b1b7101fa7c2648d53f86ed632c7f9824788892228230146ef73aa22,valid,
gen2/generated/galaxy_trop_monstera/v3.webp,1024,1024,1c55a11b263f30b0311ad2f7a571ad553b691953cc7e7269eaf9573b6d1abf83,valid,
gen2/generated/galaxy_trop_monstera/v4.webp,1024,1024,465174fe66974e40bca5e48a8f2ec6109e9deadc345970c71606a16ca1fb50c7,valid,
gen2/generated/galaxy_trop_palm1/v1.webp,1024,1024,7c74a6663127c22f79cb3b05bc6b38758e73c5b91954a239ad58c0e91145f845,valid,
gen2/generated/galaxy_trop_palm1/v2.webp,1024,1024,dc7d5e2f6c64bc4702b28b49150c10fd918ab7c333fe43d720f41c9e8b58cd87,valid,
gen2/generated/galaxy_trop_palm1/v3.webp,1024,1024,96fd857f3a2fe4a912d4c36e9c38ed4caac577dc21482089dd69906126114dbc,valid,
gen2/generated/galaxy_trop_palm1/v4.webp,1024,1024,a78ed6297f3f41b60e434c230e1a7f2ea2a50f57b10b65f920453b7dec2b596c,valid,
gen2/generated/galaxy_trop_palm2/v1.webp,1024,1024,65ad2aae92ec4bf70d44498268e0eb85c8e327a3a9730b6c9e85a88cd6173e64,valid,
gen2/generated/galaxy_trop_palm2/v2.webp,1024,1024,5e1c12f2d9ad59135d2e0f459895b4ba79a53637c9ddac3c880e0907b037564a,valid,
gen2/generated/galaxy_trop_palm2/v3.webp,1024,1024,d4963aa7d5ef1153fa3bb5ae0eb7295417c142dac33d0ebc02eac6ab6af58724,valid,
gen2/generated/galaxy_trop_palm2/v4.webp,1024,1024,aa9a98a8f89041d3f9ae5b926e8286c928cadd4f2de2a6272fdecd2e340bcb26,valid,
gen2/generated/kitchen_counter/concept.jpg,1024,819,95166d546cf2c011ddfe15d9ca589a98649f94524e0f37099f63b3b984b4ef83,valid,
gen2/generated/kitchen_sink/concept.jpg,1024,912,72227038e589ad0e7cbdd7c7c9e165025db583e52d94589164d16b407bff2d86,valid,
gen2/generated/kitchen_stove/concept.jpg,846,1024,d7ea84b50f6933a0e16a9a91b72fe4e1562b454641bfaf6ad235cd1271ffbbb1,valid,
gen2/generated/kits_bench/v1.webp,2048,2048,833c99a89bae66e6072f8d8bfb2a9553d8abda1a6f58b8e95015f2df0d3d0c84,valid,
gen2/generated/kits_bench/v2.webp,2048,2048,1b8b43bd8be4f0542330e6c8e706eaac3475b6b0c8f8461cb5123b20b889f901,valid,
gen2/generated/kits_bench/v3.webp,2048,2048,717e06f49a8680f31e05699a7d5e9c85d6fab51bbf882c91ba58fa071282a45b,valid,
gen2/generated/kits_bench/v4.webp,2048,2048,9685a4f3b24a9b24e98915d84027887a0faa484bcb24328d08fbe9d1bb51e85c,valid,
gen2/generated/kits_bookcase/v1.webp,2048,2048,76c80d8ccd023a6c3e64588a43887fc6535f02defc6e71aa66c7c235a4df17ea,valid,
gen2/generated/kits_bookcase/v2.webp,2048,2048,edee69cf26af98acdaac3e12328309bd4a723c9031123d99ed88e597c6ba5319,valid,
gen2/generated/kits_bookcase/v3.webp,2048,2048,a78dd85e083b7c81b0868026464d1a433757f242dfb6e905b59f928c847d18d2,valid,
gen2/generated/kits_bookcase/v4.webp,2048,2048,7532561e012eddaeb99c5050cd065a1896db2b3d8b341dcbf227e305095d5d7f,valid,
gen2/generated/kits_chair/v1.webp,2048,2048,8a45e107c54648b9e1e5382cf9dc487bafe122f5930dbec3101e85e243578b60,valid,
gen2/generated/kits_chair/v2.webp,2048,2048,cd6ef010c80f7805bc460b9f4d3c335ad52449e383496f45c7fef5eacedbcf0b,valid,
gen2/generated/kits_chair/v3.webp,2048,2048,2e0656af241d47920305abf4a3212bf25e20d61ca4d233c6be1b64ce4c21e4d1,valid,
gen2/generated/kits_chair/v4.webp,2048,2048,66f3228a1be770da5cf32be44cce1ef505152c620d7fbba9e051411faa304f5d,valid,
gen2/generated/kits_flag/v1.webp,2048,2048,960a89fa0f625cfc846627792540aaa2ca084a8154e0cd4bbaa13566f822b267,valid,
gen2/generated/kits_flag/v2.webp,2048,2048,1293409d09b3f37dd783742ded04d8bbf36145b01dcd76c43ba685dbedcfe2b6,valid,
gen2/generated/kits_flag/v3.webp,2048,2048,41fdbff8bb04e69900238c815ea6cc984ff932c14518d007d598598c8ff71c7d,valid,
gen2/generated/kits_flag/v4.webp,2048,2048,60481c6f5c06bd8eff07abe6e288132bc469c83beaddcc86347f0d949385ddbf,valid,
gen2/generated/kits_fountain/v1.webp,2048,2048,a3351c91c2190f60b5e6c92300de435b1272332ba7fa71c0838953539022c156,valid,
gen2/generated/kits_fountain/v2.webp,2048,2048,8aafe89316e1c70b14956084a9b981bb372708e8bff3fd659483f7d676f95c1d,valid,
gen2/generated/kits_fountain/v3.webp,2048,2048,22167dc2f61111f4d49294b8436281dce750a4e8849ed23305025805450e0078,valid,
gen2/generated/kits_fountain/v4.webp,2048,2048,cb2f7d7d1687f2b5d441155978600578aa7c6474091e21e94ece67081b580824,valid,
gen2/generated/kits_hedge_straight/v1.webp,2048,2048,813fdbadc0c50243ba85f67ffd23efd33d14f3b57b3a0e98d49b77fd2b94a19e,valid,
gen2/generated/kits_hedge_straight/v2.webp,2048,2048,915aa75a1d3ae098493eda9dfbf6996ca8ea6540a24650b81924910ff68b8324,valid,
gen2/generated/kits_hedge_straight/v3.webp,2048,2048,1e1af331a3e2713a7eb686311a78959244898c29fd29e64b848de9f340a20919,valid,
gen2/generated/kits_hedge_straight/v4.webp,2048,2048,161bb052de3148c816e9a643b2f4696f3c79f8e0467d7630d26ac93892d28646,valid,
gen2/generated/kits_hedge_straight_long/v1.webp,2048,2048,5c4958bcbcb83e3f72ebbc80582161933ba8ecf828266424ffeac2aef3569f21,valid,
gen2/generated/kits_hedge_straight_long/v2.webp,2048,2048,f9acb62d9b0daa3abca85543b7cec84e358578c0a0aa681c3536fc69a5ff2cd4,valid,
gen2/generated/kits_hedge_straight_long/v3.webp,2048,2048,defc4d517c87d685e0f54c98b34e8e35c980afa563d0d70919387892d731e5f4,valid,
gen2/generated/kits_hedge_straight_long/v4.webp,2048,2048,92ece195df651e3c81cc833530b38b739da3abf84284653c9c401292a27ed414,valid,
gen2/generated/kits_merry_go_round/r3_v1.png,1408,768,7cc7557092bfe4f8af3163585bf6ee41f2fd70dc415ffbe5b325aa45169b592e,valid,
gen2/generated/kits_merry_go_round/v1.webp,2048,2048,28d87c89217bdd350fd2ddf17507f30b56d18f0090aa7db9d58a6e8fa4f47b51,valid,
gen2/generated/kits_merry_go_round/v2.webp,2048,2048,cfc9aeb49fc4afb89632e2fe7e34d180eb5fb24f94ff13062cbdc360ffead8ec,valid,
gen2/generated/kits_merry_go_round/v3.webp,2048,2048,a6c1b63cacf739f6473f618508954f77b7063902ef4fe5d9a7e97a1bbcc610db,valid,
gen2/generated/kits_merry_go_round/v4.webp,2048,2048,fcf7e3786f0e22fd572a489b810b27c33deea2795159df7407a9596c627e7973,valid,
gen2/generated/kits_sandbox_round_decorated/r2_v1.webp,2048,2048,79b8a87ac79063c18eaa46c76fd480a06f3760a6f55ef05143a579e341838f87,valid,
gen2/generated/kits_sandbox_round_decorated/r2_v2.webp,2048,2048,6011558a1b9358806027dadf47d39f9e5c362a6360f81b52d6933edf3449cec5,valid,
gen2/generated/kits_sandbox_round_decorated/r2_v3.webp,2048,2048,b8981f5f7611e617f400940f75532c62b9aac5ed01beab922a2f95ead828c6ca,valid,
gen2/generated/kits_sandbox_round_decorated/r2_v4.webp,2048,2048,4d72f6600ff5e9844b08ee8db0d7ebb9a9613200dc80546ab7d029bd4a7a09b6,valid,
gen2/generated/kits_sandbox_round_decorated/v1.webp,2048,2048,8d8251724292d8079eb9e7c16be2b4ce6007d824905c8d411bbdf6caa60da5be,valid,
gen2/generated/kits_sandbox_round_decorated/v2.webp,2048,2048,9a87446fe46c10ddb0016b2d1e1d809dc2a35d6c9feb8970dabcb5d059030074,valid,
gen2/generated/kits_sandbox_round_decorated/v3.webp,2048,2048,a259ffda4a1ba2579aee4249add0c2deda15f90dcbd07928dedc089483c7d751,valid,
gen2/generated/kits_sandbox_round_decorated/v4.webp,2048,2048,e7a4536833b20742a11c96cc50be76540e51f94097a26b120c110a2ec7c53153,valid,
gen2/generated/kits_seesaw_large/r3_v1.png,1408,768,ea6e50012979fe5998f100de966c57a52b01e5bd3d0176438d48aa003d567f2b,valid,
gen2/generated/kits_seesaw_large/v1.webp,2048,2048,ca8b14741588b92620ea0c405f2a788af29346fc1527024203c9b8345b645cf0,valid,
gen2/generated/kits_seesaw_large/v2.webp,2048,2048,8387e0746f60be777945d69f379f327556e8c32a6a56516748e9f61cab956908,valid,
gen2/generated/kits_seesaw_large/v3.webp,2048,2048,3897cabaa0c626513a0da30f407a9041f6ed4428e2bed2aeae257916c5e582fc,valid,
gen2/generated/kits_seesaw_large/v4.webp,2048,2048,9e4ae15f31bb84a5c7990a3b52e810d8e4bd8b8a0cef531cfd86d8532b5e9b01,valid,
gen2/generated/kits_slide_a/r2_v1.webp,2048,2048,a52ded2a949b65086f91f8aade824b7286945281051366912081afe766f71eab,valid,
gen2/generated/kits_slide_a/r2_v2.webp,2048,2048,e9d1b812afd0129eab422572bcc1329c1a1a3a667e7013e3aadea703a8a0c5a4,valid,
gen2/generated/kits_slide_a/r2_v3.webp,2048,2048,7dc2960bca428cdf2e10261346cbdafdc852b4ad93645d94c9dce66729499dbb,valid,
gen2/generated/kits_slide_a/r2_v4.webp,2048,2048,34182762badefb8f48f569fff1d9628bf1d76b363d1f8f91be8c5c440029e8d0,valid,
gen2/generated/kits_slide_a/v1.webp,2048,2048,3ad3f2c5583d4033d558d6a630aad0bdaf8d5854fd2a96720cf568fe175ae3c7,valid,
gen2/generated/kits_slide_a/v2.webp,2048,2048,aab03a7cd8088eccaf519724cc5206bba2b7247f45d48f095f46014528ca4806,valid,
gen2/generated/kits_slide_a/v3.webp,2048,2048,07e0758f94253ddfea0457b8944e4bcdfa5901b06779c246185a7478b4980c49,valid,
gen2/generated/kits_slide_a/v4.webp,2048,2048,240c6edec72d0237216cacb47d3864ed036f06d77d171e58e4965714976182d1,valid,
gen2/generated/kits_spring_horse_a/r3_v1.png,1408,768,09ac8829be17b05d694b425aee1ad6bbc2d407580e465dbda9107015618a07a9,valid,
gen2/generated/kits_spring_horse_a/v1.webp,2048,2048,aab571e523adc01bdf0348e8e8cdfa8816a93210deacc8f166da8b905dffc741,valid,
gen2/generated/kits_spring_horse_a/v2.webp,2048,2048,5c5f9ab8a5f9a9ba280fc692f7df84736784e9ade5bab78f0cc64b9df1d936e7,valid,
gen2/generated/kits_spring_horse_a/v3.webp,2048,2048,0ef229d73d94a756e1ca9ff8e2a79a0bba62a59de57279995f15104f8e265343,valid,
gen2/generated/kits_spring_horse_a/v4.webp,2048,2048,2d58e1a5d7342d568d3194d11f401f5f70ee51d2e1646c0c38c4dfd98f155082,valid,
gen2/generated/kits_swing_a_large/r2_v1.webp,2048,2048,692efdfeab2e3cb149fc2371b216477a3ded8612895b34235941bd4923c2b9c3,valid,
gen2/generated/kits_swing_a_large/r2_v2.webp,2048,2048,ad717c4092233c39808756396c40eb5b3aab1d9b60bc5009793ad64a42cba868,valid,
gen2/generated/kits_swing_a_large/r2_v3.webp,2048,2048,8012de1634514f5fe9ba62ae1bb468b8491f9483a1b409334be230a4e5404808,valid,
gen2/generated/kits_swing_a_large/r2_v4.webp,2048,2048,256d3ce29dd49fc268b085a62a492fade93fc43066011f15a0beea15e8e52f4a,valid,
gen2/generated/kits_swing_a_large/v1.webp,2048,2048,368b456bf9680adc33dc4a2f303ef5340bf2bf3fadf2f699a27d9db98774bea5,valid,
gen2/generated/kits_swing_a_large/v2.webp,2048,2048,1e1d42d82fcc7de15854955b927d7e4988fb81fb945bd6a9274086d844e7d9af,valid,
gen2/generated/kits_swing_a_large/v3.webp,2048,2048,113beec9146fa991093be88992086a798daa2c9430713ff697044bfaa4041b26,valid,
gen2/generated/kits_swing_a_large/v4.webp,2048,2048,d93fa284e186a8a326ed7d7e4490e241eecb83b287297a94941d12f169152317,valid,
gen2/generated/kits_table/v1.webp,2048,2048,3b05ee03084e8709c97d1e641dee75ed34623cbe83f53679843ee3981f62b7c8,valid,
gen2/generated/kits_table/v2.webp,2048,2048,a1c55f9482116ac0ed5495ec088d8444845c97943e929ec1fe2f322f3959a4b5,valid,
gen2/generated/kits_table/v3.webp,2048,2048,c1f5e589a8d94fe2b894c223649977e7cae9cb1466a3067741287dc8dbf250f5,valid,
gen2/generated/kits_table/v4.webp,2048,2048,bab094f0623d07a83d912b8f8838bee3661c16624a3eeef5b18c38483771ecf6,valid,
gen2/generated/kits_tower_base/v1.webp,2048,2048,3e51807a550bd5e5a0421cf2c2dfce23c21576a17e84cf2593b29457075cb141,valid,
gen2/generated/kits_tower_base/v2.webp,2048,2048,e26e2d26535d2617153307cd53eeb9116b3ebc26184b2809e0431cee53adcdb9,valid,
gen2/generated/kits_tower_base/v3.webp,2048,2048,e5097fb0c712455f09d28f30697232ddaaaf635a8e68914886c9e8cf0a75895f,valid,
gen2/generated/kits_tower_base/v4.webp,2048,2048,ce2153252bd20e1262db68737d92cf1c3f19821b06481e09f0b131760d4a8f34,valid,
gen2/generated/kits_tower_square/v1.webp,2048,2048,36ac02b3b7e0adffac4e149a1712a044018a4c066395f9858c1ddb38dbee68ca,valid,
gen2/generated/kits_tower_square/v2.webp,2048,2048,e9c85ef9caba12e10c07aee371f2f377f9806c1c9b2b209597f4e688f886eb32,valid,
gen2/generated/kits_tower_square/v3.webp,2048,2048,8c2e5fbd1f328a98e79dd9da50d5ed27d0d5ad41c69c4222118b692f41bcb5c4,valid,
gen2/generated/kits_tower_square/v4.webp,2048,2048,ea585711e38d7d9b770bcb6307cba2128e7c44c82f73ac2579930d06413b8c4f,valid,
gen2/generated/kits_tower_square_base/v1.webp,2048,2048,c51dd2595e32893f363f2b453559b775b4866506547b0ef4c2a2d70d68baeb1e,valid,
gen2/generated/kits_tower_square_base/v2.webp,2048,2048,42b9117ef44f1281ae888f1a73e5212b27c48ed9a0eee9fd5d35ecc1ff7458f8,valid,
gen2/generated/kits_tower_square_base/v3.webp,2048,2048,70ff153e17a7147ce43b4b07ed7415673c2591467dbaf5b44866e1ef673e6ae2,valid,
gen2/generated/kits_tower_square_base/v4.webp,2048,2048,fdf34413ca95ce47b8d71fb16e64b71dae4c190c5d97b277892011fb0c2e033c,valid,
gen2/generated/kits_tower_square_mid/v1.webp,2048,2048,4ad82ac94bee1410fdc179b825ed43eba95922bef22c4e6d63a142a87f82cb20,valid,
gen2/generated/kits_tower_square_mid/v2.webp,2048,2048,f72262e11997f50542abbb4738d0662c38e84a71c4b59c67989e519d2b4915bb,valid,
gen2/generated/kits_tower_square_mid/v3.webp,2048,2048,e87b65f2b071f74156dbd019c31d7382a9e0999e5a141c90ddf0ec9dafb4af91,valid,
gen2/generated/kits_tower_square_mid/v4.webp,2048,2048,10c7533c2a89f0e6c22007618b9f150f7520af7b8a3fec4b45dd5241dfaaa6f1,valid,
gen2/generated/kits_tower_square_top_roof_high/v1.webp,2048,2048,264c089cbc11f5c1e7c87ba4fbc85761965dac07553bf5b55fcac8e5477c6b6a,valid,
gen2/generated/kits_tower_square_top_roof_high/v2.webp,2048,2048,0b4d193481834b1c2229c05effac5c04f5116659317711815aa460e470b3ef9f,valid,
gen2/generated/kits_tower_square_top_roof_high/v3.webp,2048,2048,231f22f48ebd00ee8c5cf74022db49ef8d09c1f6d03b5ec6a2c5ff33e0a371ad,valid,
gen2/generated/kits_tower_square_top_roof_high/v4.webp,2048,2048,63b8e8031a03fe38910e32040db300ced4925f10c2f97097cd78c73845ebd441,valid,
gen2/generated/kits_tower_top/v1.webp,2048,2048,6cd4a1fc530fabb9767cd64b05dd27f1e37d13eff9e6c64f3c95f46cccef18a5,valid,
gen2/generated/kits_tower_top/v2.webp,2048,2048,9aee14f779be4575cf61d1a8ba4a38c20580d8fbbc9ce32082365e2890d2998c,valid,
gen2/generated/kits_tower_top/v3.webp,2048,2048,ccbc41acadb50912dbeed7d478e708053eb59f45667793c5299d67aaf50043f8,valid,
gen2/generated/kits_tower_top/v4.webp,2048,2048,f89fc7043780b13ec62656d0f8b977543669c50d66a31317065a3c4794adaf18,valid,
gen2/generated/kits_wall/v1.webp,2048,2048,4c51bb060d0ff75fcfc59a0c8f715fe1218789378d4dd0eaccf7fe090a55f8ad,valid,
gen2/generated/kits_wall/v2.webp,2048,2048,e31f61f1f51c5c64456e2bd2737ab7ecd87bacbcd33ced59f9cf5678378b26ed,valid,
gen2/generated/kits_wall/v3.webp,2048,2048,a5b6127b8a5033968021016e9382ffea3a8cef5385c0cee5a0cf5b884f838c2d,valid,
gen2/generated/kits_wall/v4.webp,2048,2048,9d2729c956a891ab1bb3a3381d030e606c16b86596f74468f021417828116b2f,valid,
gen2/generated/kits_wall_narrow_gate/v1.webp,2048,2048,612be3ec4bda11fce7c6f24181fc9025b4ae98293db8c7cce8b1ee1ed13bf5ae,valid,
gen2/generated/kits_wall_narrow_gate/v2.webp,2048,2048,58f6fe3694783fd5bbee45e769f86118addab693cf6fbfb0ac43e1204dd0684a,valid,
gen2/generated/kits_wall_narrow_gate/v3.webp,2048,2048,d3a4967206f615ac2c2ff428be83a7f4a34c59a620f59cfab3108b8f11982a4b,valid,
gen2/generated/kits_wall_narrow_gate/v4.webp,2048,2048,bba543ce351d3cb57250fea1757b7013417c61d7630b8bcfbe5af13df215bc7d,valid,
gen2/generated/nature_cliff_block_rock/v1.webp,1024,1024,122949ce7625bd5c606a432f49d36a449a59929619913d9a46941de89a651cf5,valid,
gen2/generated/nature_cliff_block_rock/v2.webp,1024,1024,48ad3003ec90f4f24fa7589f5f91050593b03593e54b5294c3c136bfdc0d9b68,valid,
gen2/generated/nature_cliff_block_rock/v3.webp,1024,1024,61bff89b01abc421a1b0825ad03d395c83e94e6c6435784246c454df2876be3e,valid,
gen2/generated/nature_cliff_block_rock/v4.webp,1024,1024,a1e83526ea703607c4e4bd213bc35aa3163b1bf435e67d117015933adee35880,valid,
gen2/generated/nature_cliff_large_rock/v1.webp,1024,1024,70738933132e74af3fc04a906a66c27f5f94d82a0d8743b20407dae07c0eebd0,valid,
gen2/generated/nature_cliff_large_rock/v2.webp,1024,1024,cf751e9561118c7d78d982cf1dc06ea0e4bc078c5dea9aba9d18dd7e74033242,valid,
gen2/generated/nature_cliff_large_rock/v3.webp,1024,1024,8932898e9a5040e4cf480b579fd86e0105ebf26e226065bde7740ddf6131ce2c,valid,
gen2/generated/nature_cliff_large_rock/v4.webp,1024,1024,17500f5afbd962ea916ed8db2b9e61baf401d38474980568bd1cd489cf4602c0,valid,
gen2/generated/nature_flower_purplea/v1.webp,1024,1024,12d5122d1adfc3b73efb36de104b72e284d304dfc8d3d3d473cc138efa481edd,valid,
gen2/generated/nature_flower_purplea/v2.webp,1024,1024,3e77a3683a5ecf2e9f089c4e1eeaca139aef1bbef17a2d765963217fe6dfd85c,valid,
gen2/generated/nature_flower_purplea/v3.webp,1024,1024,141e49fda41fb50a4115e660f5ee985c8d293fc15ff25a1a53560498e72399cf,valid,
gen2/generated/nature_flower_purplea/v4.webp,1024,1024,51e7a1d5675bb05b4780d84916e1b18de3c3226de4aa99c0f9b013af07bea03d,valid,
gen2/generated/nature_flower_reda/r2_v1.webp,1024,1024,fd61e169439bb899a7f17b609eacd9947d688916e10fab366bd960763e6cc654,valid,
gen2/generated/nature_flower_reda/r2_v2.webp,1024,1024,b6f1c51fbf37eb6339ed1bde865ae4bea73dd5acb71ace253ae041be0bdcedd0,valid,
gen2/generated/nature_flower_reda/r2_v3.webp,1024,1024,de82bf18b55598456b50ea656f29a088cc372c862c7c6700e411b5221b3cabe0,valid,
gen2/generated/nature_flower_reda/r2_v4.webp,1024,1024,e3ca8f572e4a41bc6129fe10b2e5282bf73cbb103720f7e4f007081e59f0249f,valid,
gen2/generated/nature_flower_reda/v1.webp,1024,1024,2165306fe8219378e6010af3eb2b96b4c00a31c88367d6beb3f2bc439059d477,valid,
gen2/generated/nature_flower_reda/v2.webp,1024,1024,450255e90ec5a382b57f4234b75c2409b264ff6dc4c634fbb95fdcf504ccc571,valid,
gen2/generated/nature_flower_reda/v3.webp,1024,1024,871a35766dab0d98818fe2af079ee7d022cb95ccae0016baa5f2b480b73f67a5,valid,
gen2/generated/nature_flower_reda/v4.webp,1024,1024,aea4bfbf3a65996f2abf55ccc01fe155124cfeed20e01c603d60d16c52b5aaa3,valid,
gen2/generated/nature_flower_yellowb/v1.webp,1024,1024,999f1ce5f9afe1b32c5dad6bdc8c7ea01a7d976894b6d3f6f458b706bea912ce,valid,
gen2/generated/nature_flower_yellowb/v2.webp,1024,1024,7917f23c5b71daed395db6f58e45060b4108313fb6321e61d0aeb9ea75a50565,valid,
gen2/generated/nature_flower_yellowb/v3.webp,1024,1024,db7268b785b1363036e53e441478256d9fabad621aea530216d250ba180b9129,valid,
gen2/generated/nature_flower_yellowb/v4.webp,1024,1024,cea1c3cba32390740e228de0f20a38b0cedcaf998507b63b25adb094c91a5c43,valid,
gen2/generated/nature_grass_leafslarge/v1.webp,1024,1024,46c003677dd36d11d42e79689ff8259bd93888606690afca1ddd94ac9a95655c,valid,
gen2/generated/nature_grass_leafslarge/v2.webp,1024,1024,f69fdb5bba122b1aa86889e1b8923fc3e3735411d1c16477fcb98a88c425c551,valid,
gen2/generated/nature_grass_leafslarge/v3.webp,1024,1024,456f677502cda5963b399fe3f9bb3c7d2ad8f2b43534ad90044e89043759b2de,valid,
gen2/generated/nature_grass_leafslarge/v4.webp,1024,1024,aea6498758c11a77ffc83ed5424a0ba2ff8c820de9e82d1a07c1c1044b470d28,valid,
gen2/generated/nature_mushroom_red/v1.webp,1024,1024,f33fa160506796e6b16f70a62dcd7dfafb5bffae5a779e8cb4c575638172e3b2,valid,
gen2/generated/nature_mushroom_red/v2.webp,1024,1024,6de5a39a2ae1ac668df2efcf01918429cb2ea799a2e1dab3254b255b3a47f69e,valid,
gen2/generated/nature_mushroom_red/v3.webp,1024,1024,51e09ae37bc124a7b28756b4ad734e1f443138fe4df34d4f88b2c264a785b6aa,valid,
gen2/generated/nature_mushroom_red/v4.webp,1024,1024,396525ec3dacf193d60ec9e0d0e60359890223c0fc18ce008daf69dedeb1ded6,valid,
gen2/generated/nature_mushroom_tangroup/v1.webp,1024,1024,e6effdadf46bcbea1012fbca78b27be597fc9a5d8833937bcef85d4cc7f5bde6,valid,
gen2/generated/nature_mushroom_tangroup/v2.webp,1024,1024,fd5e9f8f460de92b5bd7d27cc3fd0582a97003b05caf67d66bccab819f8a7525,valid,
gen2/generated/nature_mushroom_tangroup/v3.webp,1024,1024,697a90d707ace39d6ae9424d0e0f9d80baa0c1696773e6f28e99f4d2f780f492,valid,
gen2/generated/nature_mushroom_tangroup/v4.webp,1024,1024,4841f35f6111891ec660c4b93da43b07f3f9a700053caa553644143d696108e2,valid,
gen2/generated/nature_plant_bush/v1.webp,1024,1024,967a086baad89b819902e1ec1496b5bd16177cc43e835c292ebd26b874a18f5f,valid,
gen2/generated/nature_plant_bush/v2.webp,1024,1024,5d076f93ec1b09825d4543c4a2a38a04b9aeddbe231ffa91eb566db7daf93fee,valid,
gen2/generated/nature_plant_bush/v3.webp,1024,1024,7d1b01dea8f0fc664c3cca268838a190cb67e29eee7e0133807fb5200901fd93,valid,
gen2/generated/nature_plant_bush/v4.webp,1024,1024,2f60c1c7e1b32fe2cca64a46db13df42eef5c32b20b07feb3ec4f0e432e82496,valid,
gen2/generated/nature_plant_bushlargetriangle/v1.webp,1024,1024,3cd52883fa9a6b9eca0a96f80d4016175dd62b4f773172070b649c3800b2ef7e,valid,
gen2/generated/nature_plant_bushlargetriangle/v2.webp,1024,1024,de349a2b48e867e24dce156b2d01ee1fe625629a6c4a0fbd2ddd208726e261b7,valid,
gen2/generated/nature_plant_bushlargetriangle/v3.webp,1024,1024,1ceb556ee2cc75628aba0e779f06fb9fbea9b6bfed36422730056694b5a27334,valid,
gen2/generated/nature_plant_bushlargetriangle/v4.webp,1024,1024,be1eb1d38527ca2b40e487cf0144b939aea20a3e0c05d5f3c13e060d05c402ad,valid,
gen2/generated/nature_rock_largea/v1.webp,1024,1024,125fea2de85ae2231703e66e7c9304e3cd5e8448189a555560803aae3a1376b9,valid,
gen2/generated/nature_rock_largea/v2.webp,1024,1024,cbc72660f959733afb5d7b6ff0e12e97733a18859ccffea3c53c3522520a7644,valid,
gen2/generated/nature_rock_largea/v3.webp,1024,1024,cc557654b0c15bf1bb8d124ba3f7a200c3d62db1bf803046248d10aeee5b3814,valid,
gen2/generated/nature_rock_largea/v4.webp,1024,1024,c11a0bd22515b0c2ed4fbd803e0f3eb272bfd377e54847544b2bbc18824c9d66,valid,
gen2/generated/nature_tree_default_fall/v1.webp,1024,1024,7aeb244bf3210cb173629fa42aeb8c56f2ae800a7eaddbb7b964302fbf9ccaaa,valid,
gen2/generated/nature_tree_default_fall/v2.webp,1024,1024,ced68cbc233bef3f0d15775c1d17910f2f92e316fbaf9173eaa1586bd1313e5b,valid,
gen2/generated/nature_tree_default_fall/v3.webp,1024,1024,a6cdfaeb149ca25f6216a91f645fc1cb029ebb39d66d5bcd5e94b7be2803831c,valid,
gen2/generated/nature_tree_default_fall/v4.webp,1024,1024,5fd38f67b24e061dfb33ba258a5c8de6da25e80422d4d0ff67a37b068d9af76c,valid,
gen2/generated/nature_tree_fat/r2_v1.webp,1024,1024,0fcdbf7fb2010317a728f41873f9c8915047ebd536cd962ae8746c5f0f308f2b,valid,
gen2/generated/nature_tree_fat/r2_v2.webp,1024,1024,32846f651f759fe5f7f13c683ca935b98a3aad4b321368dc8b9a3b9b95f20e10,valid,
gen2/generated/nature_tree_fat/r2_v3.webp,1024,1024,3d6316a92c48564dade7db650572a2b65c3fab68b056b27e54b3a7a6e0d1c80d,valid,
gen2/generated/nature_tree_fat/r2_v4.webp,1024,1024,49526d61a3134d6303d9b23336a4c1d84358750b1566ef6195a5b057853b99b5,valid,
gen2/generated/nature_tree_fat/v1.webp,1024,1024,c720bde8290c7d7f5e50bfbc39a49350f3ffc4af5c7eff1bc73b5902d2c01f5e,valid,
gen2/generated/nature_tree_fat/v2.webp,1024,1024,c39e2e01979d6210e9053797cd5c675dbda89a8b1132d4852ef4058026e329f9,valid,
gen2/generated/nature_tree_fat/v3.webp,1024,1024,77973016d8e5388b90208b8761bcb2f4d31b9d23042b1ae5b91a039542e0d67c,valid,
gen2/generated/nature_tree_fat/v4.webp,1024,1024,afc05b7c4cee619098c9cc0d1b70545de595aa714441c825093d046bb20bc6e2,valid,
gen2/generated/nature_tree_palm/v1.webp,1024,1024,00d5805c91cd3d0320e6235b07f52c0fd1b72cad42f13c0babdb83528655933c,valid,
gen2/generated/nature_tree_palm/v2.webp,1024,1024,f5aac4825b3cef4f3884dd995fd00ca76dfb1ec00a68a283515b088a4e29401e,valid,
gen2/generated/nature_tree_palm/v3.webp,1024,1024,2627a6bfa57bbd7c7c82011dbd4bb55f520e50f9b36068b171ae77c7218eb7c3,valid,
gen2/generated/nature_tree_palm/v4.webp,1024,1024,4477a68edad2e33926a4dce03e4cff5425fd8f50e0e5342fe4249d7ed61884bb,valid,
gen2/generated/nature_tree_pineroundf/v1.webp,1024,1024,365b2a87144265144d89ba5ff54a662581aec94f343c689f4b4a3c8be9cfc366,valid,
gen2/generated/nature_tree_pineroundf/v2.webp,1024,1024,d65df66bbc6471527157d796d0439ec7b3dd53ca112aa47d0698e2e1349f5fda,valid,
gen2/generated/nature_tree_pineroundf/v3.webp,1024,1024,e722583838cb074f2d8655281054bfb2f96b4d0203978dd3793a3f40501247e1,valid,
gen2/generated/nature_tree_pineroundf/v4.webp,1024,1024,1463e9301b79c522ff994dadcdfdf1d86cbb68ac8c5cdb98265f4f9dd19b2442,valid,
gen2/generated/nature_tree_simple_fall/v1.webp,1024,1024,82456be5d3894b8d04503b16ced2caa64db1df33f76751cc0f7f8ce12ad7a259,valid,
gen2/generated/nature_tree_simple_fall/v2.webp,1024,1024,122c5c8afd5182b586cbb12b209467760f4a7e65f16d4165204834e02d47705e,valid,
gen2/generated/nature_tree_simple_fall/v3.webp,1024,1024,abb5cbe21116ebbe8e4eccc7ec153337473ed3cd49fcbe04c64d2c35bf2da2c2,valid,
gen2/generated/nature_tree_simple_fall/v4.webp,1024,1024,8ebccecfce8e58fb388b4f9f0dcd7135eb7d384de6e8466d01f3f5a25fb17d51,valid,
gen2/generated/ship_barrel/v1.webp,1024,1024,b55b81fda0be06b7426251b600acc8d6eb0dce9141036da369e4c79e390c08d0,valid,
gen2/generated/ship_barrel/v2.webp,1024,1024,36a36b61b4f6edc72190543cd49c71de238a70cd962aa8b2861d8a5c3afb36ed,valid,
gen2/generated/ship_barrel/v3.webp,1024,1024,6e2ade157d25c44ec656ec6c7042c643196263b2741cad4d21b7434249e1e131,valid,
gen2/generated/ship_barrel/v4.webp,1024,1024,c64fa7887817d1b4932138a48fc45fa556419367a35a4dbab093ab625df16871,valid,
gen2/generated/ship_chest/v1.webp,1024,1024,624ca3499db9569e673dcf345ba508e6637ec6ffc3d9343ae87d1918160b909f,valid,
gen2/generated/ship_chest/v2.webp,1024,1024,973dcafa680488ec66b79a73cd111fbea2f76d5b07d181f003cf4ba595693d9f,valid,
gen2/generated/ship_chest/v3.webp,1024,1024,1b0fdeb5b13bd83f12b3ef8510693b7b6328cf791e64b28ec3b50351242829f5,valid,
gen2/generated/ship_chest/v4.webp,1024,1024,985d449e69d9329a39cc32287cff7fcf58bafd713644bc4c68fd2c16121634ef,valid,
gen2/generated/ship_cliff_cave_rock/v1.webp,1024,1024,e7eff68ba023d7bca31cf91e1eabc36d6cb742f5c1d9a6ded05c195b7b65480e,valid,
gen2/generated/ship_cliff_cave_rock/v2.webp,1024,1024,bfd2c39d2987709c19715b38bbcc5dce26cba06fbb25e7c8941730cdac7aa286,valid,
gen2/generated/ship_cliff_cave_rock/v3.webp,1024,1024,3770a623cc6242fe99be1a53fefcedf68ae14b73fd3b4f8e3efb2be67d258296,valid,
gen2/generated/ship_cliff_cave_rock/v4.webp,1024,1024,20647e8d92e28fadd43a208dfc7488c676c7e57f03ec9abd8dbef4aba42d9a14,valid,
gen2/generated/ship_ship_ghost/v1.webp,2048,2048,30451e0ea5ef2f478a68f6e375de1792ebcdc5a35f00545fb04cf5ca4e828bd9,valid,
gen2/generated/ship_ship_ghost/v2.webp,2048,2048,50d441bd67d5c8e981034ffaab41b233646f593fbe292fb1787baa3b18c76287,valid,
gen2/generated/ship_ship_ghost/v3.webp,2048,2048,24a23ad07abe2180406b91f0dd20a65bfc04299f436462895b8b112bb45956ca,valid,
gen2/generated/ship_ship_ghost/v4.webp,2048,2048,1690023d9c93b6dfaa95168cf0da3bf801f058fb797929d449b39bc7d502f4ca,valid,
gen2/generated/ship_ship_wreck/v1.webp,2048,2048,43cbb13486737deda373240481c73585309e30f7b6410c51b64bb50f641e0c1f,valid,
gen2/generated/ship_ship_wreck/v2.webp,2048,2048,0b6cd4f0bebc9d036ed82913b81d85e1beec2f96f811d0775adf0879eeec7311,valid,
gen2/generated/ship_ship_wreck/v3.webp,2048,2048,27c4d8a9e3666a487fd406c1e4f66050e59d832effd3ae426dbbbf5c2b51ce28,valid,
gen2/generated/ship_ship_wreck/v4.webp,2048,2048,12c21a6c7b17081c3830a82567e542e454abd69d49d61744e43de11808696195,valid,
gen2/generated/terrain_up_castle_col/r3_v1.png,1024,1024,71b0e6a301ae1308531605ed9eced380835ec2ba4d4668ab60231f5b0f0b3353,valid,
gen2/generated/terrain_up_castle_col/r3_v2.png,1024,1024,d4fadc73ea0ab524162d6a1acaf7ff14e78b4b4da3c6fdd7ecbeb2a6210c2bcc,valid,
gen2/generated/terrain_up_castle_col/v1.webp,2048,2048,7766a1719bb62d4294f6cf4194dbde9bfbd0e1041d8a38b80dd84405b01e265c,valid,
gen2/generated/terrain_up_castle_col/v2.webp,2048,2048,c78f078ae996fd49ca21b88a2bc4295f136a1e62ae78a24d9bdcbe1eafd78af9,valid,
gen2/generated/terrain_up_castle_col/v3.webp,2048,2048,d644c44814d4a5907cb298dc4fa79527e552e8a4508cfd42dbc494c7ec759876,valid,
gen2/generated/terrain_up_castle_col/v4.webp,2048,2048,761175c1a0c48615d36efe3ad58afaffaf6d620dbe3b441c0d0ef1286951d5f2,valid,
gen2/generated/terrain_up_cliff_col/v1.webp,2048,2048,bcae779e12bc5844d675b9b333f67c8886797c2a19afc1dc7bbf55f7be46aebc,valid,
gen2/generated/terrain_up_cliff_col/v2.webp,2048,2048,903283506fca305a8055d6a81ba11472cc8d44defc43fd6fa2bd31c188d513e2,valid,
gen2/generated/terrain_up_cliff_col/v3.webp,2048,2048,d045ea70110be77f9ae465ca660c8f89bcb48fe6f000dbb6c969552f726477e6,valid,
gen2/generated/terrain_up_cliff_col/v4.webp,2048,2048,e1269e8087dd9b5e77400945ef8597c2d6e256cf5fbf479eb5c97f86a5b20581,valid,
gen2/generated/terrain_up_cobble_col/v1.webp,2048,2048,6e861d22ceb8a78bfee6fa35f26cc73a7d1f64b8574e5abf057959a87cac2f27,valid,
gen2/generated/terrain_up_cobble_col/v2.webp,2048,2048,8008db185203d19339effd67878ae179c7be67ef0969039ddb190e1ea1f11a9f,valid,
gen2/generated/terrain_up_cobble_col/v3.webp,2048,2048,99d0a5e59376e97e53f3455999b836c89205c173ce85c0ecc8247db6429738be,valid,
gen2/generated/terrain_up_cobble_col/v4.webp,2048,2048,2407c85b41eaf630a0ef8209d728286338d723e21631482ad189c644417b8d34,valid,
gen2/generated/terrain_up_dirt_col/v1.webp,2048,2048,b644a730d7690574f3d40a45a9e214ca77c403edce562ce442d40dd9a1013b98,valid,
gen2/generated/terrain_up_dirt_col/v2.webp,2048,2048,fa4de5963cd9eea10ece9124d273ea0400a6950dacbb6d3726ae60865bdf4d3a,valid,
gen2/generated/terrain_up_dirt_col/v3.webp,2048,2048,07b96af2a08dba9263050ea6963b241083c5af63574ffadaf3f2b22cd69042c6,valid,
gen2/generated/terrain_up_dirt_col/v4.webp,2048,2048,0475976ca2d4c9bbd6e0b99360210fd6404d1907da9594881c0d154513aebb3d,valid,
gen2/generated/terrain_up_door_col/v1.png,1024,1024,54928b1cc911ad10b2161a826414235d4834c2ae7fe76afdceafa637fe53001a,valid,
gen2/generated/terrain_up_door_col/v2.png,1024,1024,af7180a20a237b327c8018526aeabc8eceb56b36a576d3132386134e10424856,valid,
gen2/generated/terrain_up_fabric_col/v1.webp,2048,2048,c23fa32e67933c3b2b4604ef9aa82342484c8b37b2a7e20f131f2b5a967955fd,valid,
gen2/generated/terrain_up_fabric_col/v2.webp,2048,2048,727b009f8efb49b91c33945ec0b99ab633e28f388d63a279f7b28c7847a8a9d2,valid,
gen2/generated/terrain_up_fabric_col/v3.webp,2048,2048,563fabca7a0b3fd885def0b9dc85f346a705ab0f7579922b47295b4c9099f57f,valid,
gen2/generated/terrain_up_fabric_col/v4.webp,2048,2048,674335d321bf45b6e9b47a837f7e25c15948a2e3d8003e1aab9f2847711a2dfe,valid,
gen2/generated/terrain_up_flagstone_col/v1.webp,2048,2048,ad0952356b59fa5f27043b875d9fc72f00b5df1b957e74db463979f2f179930b,valid,
gen2/generated/terrain_up_flagstone_col/v2.webp,2048,2048,7a32a659f5f003aea7448dcdae347106704ff25f31e07f42983ea72785c9889f,valid,
gen2/generated/terrain_up_flagstone_col/v3.webp,2048,2048,35049a04a3c0f671e42b2cb1540a6bd1060ab3e93ffc8e627aa2272f96fa0873,valid,
gen2/generated/terrain_up_flagstone_col/v4.webp,2048,2048,2654b036c2f41da59d48ee9cbecfc26f8e8a59a01314f55844270a94303bd641,valid,
gen2/generated/terrain_up_grass_col/v1.webp,2048,2048,5a05f3b2c3ac70f671d6b688c67aa8a8acc58c27fec6a7cffa0283c9a4f063f4,valid,
gen2/generated/terrain_up_grass_col/v2.webp,2048,2048,17e60bca32478fc95b33c462947301e532beba1153749e888b925c4cef7ddaec,valid,
gen2/generated/terrain_up_grass_col/v3.webp,2048,2048,eb1aee1ceec58afb808c259625a1291d4e8a15ba78cace13ab0a84abf0b2266a,valid,
gen2/generated/terrain_up_grass_col/v4.webp,2048,2048,f6e268b0464a22a2ff779bbc7dade909e55a7f917d824d992cf43f28dfdb403e,valid,
gen2/generated/terrain_up_marble_col/v1.webp,2048,2048,7a93bcfd74ecd1538b2a6678e25a2a32e15c0bbac285a8e5980513541da1e30b,valid,
gen2/generated/terrain_up_marble_col/v2.webp,2048,2048,53449815c3dffaa0a6155077f410681bb29c6764e4acfd15428696ff0e32497c,valid,
gen2/generated/terrain_up_marble_col/v3.webp,2048,2048,49f5c198c96885dcd429adeebe9395fb5452c349237222e1db2efefc0adaabd2,valid,
gen2/generated/terrain_up_marble_col/v4.webp,2048,2048,a1497650d24fd57221e21ebc7b3dfe94d3c35e4ccfd1fe83b450b15d3de3a058,valid,
gen2/generated/terrain_up_roof_col/v1.webp,2048,2048,92ef79f5f815b310e3464994f4446a6fc1cf030272d53810fe751be5d116914a,valid,
gen2/generated/terrain_up_roof_col/v2.webp,2048,2048,0920f5c120387a4f5e08754fc3a2ecb8f797d5b251ad4c0303bf58870dfb5d4a,valid,
gen2/generated/terrain_up_roof_col/v3.webp,2048,2048,9a370af17ba07f7a071d570341e40d6dfb127fe0eee2cca021d1049436d04f04,valid,
gen2/generated/terrain_up_roof_col/v4.webp,2048,2048,cb7bb8500200996f8d944f82c3495c757c987809f3dc72633ac07591a2d6f20e,valid,
gen2/generated/terrain_up_sand_col/v1.webp,2048,2048,448ab6e5521f38875de1045ab6bc7f4f3c52f53785d146f733265a6e9b1b01ba,valid,
gen2/generated/terrain_up_sand_col/v2.webp,2048,2048,4ec7af3caf44ad172bc3de5a52264866ad295e3d77a5a1762b83bad5684972aa,valid,
gen2/generated/terrain_up_sand_col/v3.webp,2048,2048,dd632ac330be8e94937c91ac9e8455ed645826315c919271782869c24c95b3e6,valid,
gen2/generated/terrain_up_sand_col/v4.webp,2048,2048,10e42e3cb64480d03fdae9fea487450c1a58a4e9920d993d930ba33d70ddbc8b,valid,
gen2/generated/terrain_up_snow_col/v1.webp,2048,2048,bd378a7247640fc48594b6dfb84669fec93d62062e1921b957d41e505c264aec,valid,
gen2/generated/terrain_up_snow_col/v2.webp,2048,2048,0e85e00dd52242541e233936e0ef44b1206a1a726c84ea5290919ca412c57fbc,valid,
gen2/generated/terrain_up_snow_col/v3.webp,2048,2048,bbb32ec5e3c538afba8733eae13303924a7cebea14f5e29be8b9f7ec395e9ff8,valid,
gen2/generated/terrain_up_snow_col/v4.webp,2048,2048,5aeaa763eabbe10365a0a9806db27c09578a5a075c1c919ca45d29b7ee21e086,valid,
gen2/generated/terrain_up_water_col/v1.webp,2048,2048,2e1e661e85d78107b56683992339ac342222ed9ce459e37416d072ff33be2430,valid,
gen2/generated/terrain_up_water_col/v2.webp,2048,2048,d7bcca29b930333506b31145493457b9025bfeec4c785ad86a5020bda3e86e24,valid,
gen2/generated/terrain_up_water_col/v3.webp,2048,2048,9b9bf128685440a15acc830f4bae20cf854145aa1945f81be9e983d0b0341927,valid,
gen2/generated/terrain_up_water_col/v4.webp,2048,2048,1c0282760b74e04a35303bfd184fa48f81416c8c3ac1955db0049b561ce62496,valid,
gen2/generated/terrain_up_wood_col/v1.webp,2048,2048,f71a2043a84416aa10201370fd8dd9040c807a6e3e00f417796a21c4c8b6943e,valid,
gen2/generated/terrain_up_wood_col/v2.webp,2048,2048,8f839faed9fa0b6b9eabec15cd2d04d830a2b465b6db9add4abf01ba5bc10bd1,valid,
gen2/generated/terrain_up_wood_col/v3.webp,2048,2048,b116fca0a1ef971dad6f4376c5ec0de8c048028ff3e31b3388f74e691e99b3e6,valid,
gen2/generated/terrain_up_wood_col/v4.webp,2048,2048,760477450e11cbe32c46974623623862b82a18f061b455fede4aed877943483e,valid,
gen2/generated/vehicles_gokart/v1.webp,1024,1024,c9849412dd7f0148d54593c6052c66d64516f225e2d60c13dfb375218fcf171d,valid,
gen2/generated/vehicles_gokart/v2.webp,1024,1024,aeb62c9eeed919f9488cde37994256e90a925c527b975da38c868026dbde9423,valid,
gen2/generated/vehicles_gokart/v3.webp,1024,1024,88a77d13bf741cdbe8a71f7dd97b54125662db1c7b639eba34c968f8eda911d1,valid,
gen2/generated/vehicles_gokart/v4.webp,1024,1024,9c75d65d1e25f72811fe29c9c35ec8f090577a1dadcb01db8b2335c966ae1920,valid,
gen2/generated/vehicles_monstertruck/v1.webp,1024,1024,5ff2e2027cb08b06efd981ad19fae0749d8d140fa6995a6b8362776da4923b1f,valid,
gen2/generated/vehicles_monstertruck/v2.webp,1024,1024,8c8fefc8afa5111318a02a1969498781c043d9661cab3149f091cd993439e672,valid,
gen2/generated/vehicles_monstertruck/v3.webp,1024,1024,9b71f219bc4ca5955c1023bd0e603d5276fb6232d2163c4eb80443bd3bc86990,valid,
gen2/generated/vehicles_monstertruck/v4.webp,1024,1024,3383b5b964735b7d0c3412314ef78d670f31037651689e49d8e22eaaffae3383,valid,
gen2/generated/vehicles_motorcycle/v1.webp,1024,1024,ebcda16217e9adee6154a97eb97a3bd0ae959b7ebd16cd14a3bf7031d99dfed9,valid,
gen2/generated/vehicles_motorcycle/v2.webp,1024,1024,d01a80f56898e7879f0030457315a402a17cecd6fae28f74cb0dda02f30f8dd4,valid,
gen2/generated/vehicles_motorcycle/v3.webp,1024,1024,67b9b859cea2fbe14f40d4094bf33a4dba447d35f602478ab695ae067f829177,valid,
gen2/generated/vehicles_motorcycle/v4.webp,1024,1024,f7fb67e8e24a1907569073f9b85f5b893abe147cf9fd1c092449886686a0c8a5,valid,
gen2/meshy/aquatic_clownfish/static_Image_0.jpg,2048,2048,5e94c13316a93ee4c5c436d4840c7d0e1c71cb10d0e36597f8bcb4ca7132ee43,valid,
gen2/meshy/aquatic_clownfish/static_normal.png,2048,2048,87179e707929097f5dc57ea728119118833cece63147d971d9f90da2286f086d,valid,
gen2/meshy/aquatic_clownfish_mv/static_Image_0.jpg,2048,2048,fa02ce7cff436f0a3db958cfdc144a770b4634caf77478f38815ce860c9bc0fe,valid,
gen2/meshy/aquatic_clownfish_mv/static_normal.png,2048,2048,0498c2a367efdcbbf5f9b6c5dba8d5ae9a9ef4cdc9c5a73c1544e23e7721dcbd,valid,
gen2/meshy/aquatic_coral/static_Image_0.jpg,2048,2048,3e05e9bc3469c0df95d0434d0bb3aab4af1d7ec7fd275c68726950837de0dfd5,valid,
gen2/meshy/aquatic_coral/static_normal.png,2048,2048,3c56eb9edef6ae3434d4c0b6bc7991a2ec8cf881aec4894a85f9b1ac59bfbd88,valid,
gen2/meshy/aquatic_coral1/static_Image_0.jpg,2048,2048,2c832a2f2f4a58268f7e81ef57f80e782153e5cf30db030410d30cffe1e13541,valid,
gen2/meshy/aquatic_coral1/static_normal.png,2048,2048,43580e32b883e54e5cf43dd55cf346b2296b4f9b775816fcaf04048f5a511660,valid,
gen2/meshy/aquatic_coral1_r3/static_Image_0.jpg,2048,2048,7ca4dab73210b6c319e2fbf51efba672184b35c1c9837e0a345e5a8f6db25c77,valid,
gen2/meshy/aquatic_coral1_r3/static_normal.png,2048,2048,4ae32263e6702f2ae1d8c1c8516a7633c7d1d76c7c07dcf775ef3918a29f7803,valid,
gen2/meshy/aquatic_coral2/static_Image_0.jpg,2048,2048,211bfd31230b4774875b6b85b2d4b67579c713813ae74744110305e19efdf45c,valid,
gen2/meshy/aquatic_coral2/static_normal.png,2048,2048,6a89f0cc688cf4cc58537429b48a9187306067999158688202cb7046cb953ad0,valid,
gen2/meshy/aquatic_coral3/static_Image_0.jpg,2048,2048,8b3b1a935e648e186a1aa90d698ebb0a445aa810464058d7f713b3bedcf52ac8,valid,
gen2/meshy/aquatic_coral3/static_normal.png,2048,2048,b4b59d00f8b912ad71e27c03139fe61a27a04683ff22b32b4a8e917d66b650f8,valid,
gen2/meshy/aquatic_coral4/static_Image_0.jpg,2048,2048,bf2d92b1a26c16371d5edd6eb9781cace1180ae1d3afab17e5978bc913119276,valid,
gen2/meshy/aquatic_coral4/static_normal.png,2048,2048,6a01b0d929dfc50bf4f66dca479a277e466573f29c7a5ccee3db8a44c445db1e,valid,
gen2/meshy/aquatic_coral5/static_Image_0.jpg,2048,2048,8336385b1f694f62b449cdc77e4e46bb59b746d37df6c39d0aa7872ec87551e8,valid,
gen2/meshy/aquatic_coral5/static_normal.png,2048,2048,688fe847e723f49318bd38f7ecf28e5e242293f82bc61d97db1f3578227d8d58,valid,
gen2/meshy/aquatic_coral6/static_Image_0.jpg,2048,2048,885c6409fed348ef422970dbcb4d8e97895968594ed595e82cdf2e49097c6d61,valid,
gen2/meshy/aquatic_coral6/static_normal.png,2048,2048,2bb84ae57089b6b3c10c26f630ad480b4f90f3438ffd60e24c9a300a1631d5b1,valid,
gen2/meshy/aquatic_crab_mv2/static_Image_0.jpg,2048,2048,cf33d607285670a6937805470ff384f2f1599edacdf8fd32d9b781f2a081bc38,valid,
gen2/meshy/aquatic_crab_mv2/static_normal.png,2048,2048,6adc5a08f5076cfd72576123f96302a9ca1648c52ce92cd775fded0c58c407d9,valid,
gen2/meshy/aquatic_dolphin_mv/static_Image_0.jpg,2048,2048,2ed4514429e185002d2e734eafc93e2cbfeea271e892aa49136678ddc2ccb366,valid,
gen2/meshy/aquatic_dolphin_mv/static_normal.png,2048,2048,2d95e62e79908dbf67531a0b0831842206698bdf69f78caf81b10709e76a864d,valid,
gen2/meshy/aquatic_fanshell/static_Image_0.jpg,2048,2048,ebb093027c4ed1ac8117ac942ce5bed8a67f8cd03733c73e7e1a61431934512e,valid,
gen2/meshy/aquatic_fanshell/static_normal.png,2048,2048,2670326dd525bc54508f984f21a51dabb4c23ee8a0be2e3cffb62e309b12b694,valid,
gen2/meshy/aquatic_fanshell_r3/static_Image_0.jpg,2048,2048,1e0bea7b7e3b282b5d4a256e77966fdc252873c075b6a115923d4b4a714ba565,valid,
gen2/meshy/aquatic_fanshell_r3/static_normal.png,2048,2048,a88ffe11c4cfbb17559424f7d9485f1977e1ec9ae48fb57c2600c6857ee6e749,valid,
gen2/meshy/aquatic_hammerhead_mv2/static_Image_0.jpg,2048,2048,301e55bcb220b492322f998148d77316fbc3474e0a54f028f6759ac53e6ebd85,valid,
gen2/meshy/aquatic_hammerhead_mv2/static_normal.png,2048,2048,0b3546a128389f93dbaa9935691791d18120da11a7d009a3c35cda766756eed7,valid,
gen2/meshy/aquatic_lobster_mv2/static_Image_0.jpg,2048,2048,8074f1ec25ee4dc394fc6334996fd31564b379c9cbd7b3d1b3a352b2c39f4b60,valid,
gen2/meshy/aquatic_lobster_mv2/static_normal.png,2048,2048,bfd3f0fa3890e1c037cf7e17b159e33cb7c81e99c97df2655347ee7395d21886,valid,
gen2/meshy/aquatic_octopus_mv2/static_Image_0.jpg,2048,2048,1827a542c515eef5b6d5182822fad88a0fa42b127c46a2394c1e8baeb3004ba5,valid,
gen2/meshy/aquatic_octopus_mv2/static_normal.png,2048,2048,35ea30282646cc20366f07e09dcc8efe33e90de642918ab5d63bf35ac643355f,valid,
gen2/meshy/aquatic_penguin_mv/static_Image_0.jpg,2048,2048,6283ffd391dfb41b5c3126477a73228f1bb2b61c618fd1e04408422e31b91206,valid,
gen2/meshy/aquatic_penguin_mv/static_normal.png,2048,2048,de37e45e6d7580a0ff48242916b2211c512df345384af5d40a8b1609718d141c,valid,
gen2/meshy/aquatic_penguin_mv2/static_Image_0.jpg,2048,2048,3299d4029c0f0f8afc93aa64d7a044b17446a48fe16b3b9a6af45b9ee9306b78,valid,
gen2/meshy/aquatic_penguin_mv2/static_normal.png,2048,2048,41f6dce7b679a0c5a5c8aed9a9889ba9fe9f28917c9bf3b09d856fd5c7c12652,valid,
gen2/meshy/aquatic_rock/static_Image_0.jpg,2048,2048,e36dd7e0cba247943cad9d60d95cec314bf10eb0fa730d81b4ecfbf4447e05b4,valid,
gen2/meshy/aquatic_rock/static_normal.png,2048,2048,5dd915c1fe7588847e2827d505e19abb3c37249ca82033203fd1c56b738c6b8a,valid,
gen2/meshy/aquatic_rock1/static_Image_0.jpg,2048,2048,59234798af44895753b018630d4054063735d6d7c99cabf53a52bc258612650e,valid,
gen2/meshy/aquatic_rock1/static_normal.png,2048,2048,e1c80d04d28c7b45aa63f2d62e0b9f5fb8f555f9e65ec23333bedc8eebcabb28,valid,
gen2/meshy/aquatic_rock2/static_Image_0.jpg,2048,2048,59d9b972624bfdbc5e8de77544d311894edaa2ab34e026efa9af91ccf3546239,valid,
gen2/meshy/aquatic_rock2/static_normal.png,2048,2048,3e6c30ac84abd186846066fb48f89e768050ba0d68058890d803de5e751cd061,valid,
gen2/meshy/aquatic_rock3/static_Image_0.jpg,2048,2048,c5b851e5546697cd5f70e6302f7cca7151ada73f16b348da1c5004ed306773dc,valid,
gen2/meshy/aquatic_rock3/static_normal.png,2048,2048,c46ed9dc4fb701963365e302b44357bbfd322b70984c50961e79c47df10ffc32,valid,
gen2/meshy/aquatic_rock4/static_Image_0.jpg,2048,2048,516d1b40986861871e3f2e8df44a8703945f621872f29bba5ff0c8332034ba59,valid,
gen2/meshy/aquatic_rock4/static_normal.png,2048,2048,a80456461c3b6a045ae21b14218d57d01315defd977ebfd3511f5674a45571fd,valid,
gen2/meshy/aquatic_rock5/static_Image_0.jpg,2048,2048,bfdc4a4971dbc509115e515e5f9e878eebb024003d0e52efe746bb87aa3f3b6a,valid,
gen2/meshy/aquatic_rock5/static_normal.png,2048,2048,ff8c0a05ebfee86f24e9dfddc7581fd6ade833b0a6bd50961d1227148e906ce0,valid,
gen2/meshy/aquatic_sanddollar/static_Image_0.jpg,2048,2048,a7e47295ca3df880e3218a56d9d04f28e64fa96f30657bce3f0efc3f57c66052,valid,
gen2/meshy/aquatic_sanddollar/static_normal.png,2048,2048,b97862ece4695b2d9831433acc3c27678f8d343d83a3a7330a7747f15ab91b49,valid,
gen2/meshy/aquatic_shark_mv2/static_Image_0.jpg,2048,2048,ca24b7686c370dbaa92f2fd87299459d09e8484ded6a48456d3b66fad5f39fc5,valid,
gen2/meshy/aquatic_shark_mv2/static_normal.png,2048,2048,45d0d1aa4d44c071b1005c3db9e56c249354965a31d0f1a00aeab42ccb6f3ee8,valid,
gen2/meshy/aquatic_smallfanshell/static_Image_0.jpg,2048,2048,9aec9fd4d95f2d244b6b8d9918b431099bf1ddbd8fe222c35f7fe29825d3939b,valid,
gen2/meshy/aquatic_smallfanshell/static_normal.png,2048,2048,8567ed216dd7d6b43f10f2ac11b0d7534bdc900c7684a03b0b561dafb325d1c0,valid,
gen2/meshy/aquatic_smallfanshell_r3/static_Image_0.jpg,2048,2048,c9f15253fd0b48aa3e12256f7067931658c5f8580f9fb5e3c602d0d46116c38e,valid,
gen2/meshy/aquatic_smallfanshell_r3/static_normal.png,2048,2048,28cf8192f96ab4256b335dbeedf98d21bc72247b1fac04ecc2b06ac69182053e,valid,
gen2/meshy/aquatic_spiralshell/static_Image_0.jpg,2048,2048,fd7a4f44e91c8cea3ff0cc3df8d0ac7b961ddfcfe9a217ab92a7fef86322d96f,valid,
gen2/meshy/aquatic_spiralshell/static_normal.png,2048,2048,9102ebf4b7fa090c40970bfffe298e16192cf6a1f87775c017e7b8fcb39c2c70,valid,
gen2/meshy/aquatic_spiralshell_r3/static_Image_0.jpg,2048,2048,1537ff518067a6db83079573c48212318ac6c5b6f7301b7cf955ec4d78af504e,valid,
gen2/meshy/aquatic_spiralshell_r3/static_normal.png,2048,2048,51dc6b58213b68620b6bd2458cf4e371ee24ff187beb76ea1d0c1b0364f524ab,valid,
gen2/meshy/aquatic_sponge_barrel/static_Image_0.jpg,2048,2048,90d87242c83cd50ccfddeb8a84bc243eb5cca7e60103c6ca18fd48b66ac4e8eb,valid,
gen2/meshy/aquatic_sponge_barrel/static_normal.png,2048,2048,b02a74aa0ff7eb8150a4e8454ea16248142fa6dfed4e744741894255e41ac352,valid,
gen2/meshy/aquatic_sponge_tubes/static_Image_0.jpg,2048,2048,4481d9194dfc46945774e0007819c4dc4fb2fb85ba0b6a8c2c3acef5cdb7f1b3,valid,
gen2/meshy/aquatic_sponge_tubes/static_normal.png,2048,2048,bc5775d27d6806ceae215a6362a77c5c0ea6c3871070d0a9fb5dfb2b1ebc9a95,valid,
gen2/meshy/aquatic_squid_mv2/static_Image_0.jpg,2048,2048,0a558d0d41ec7ef4d99b2e411c48495005d7e4e7f077ee7664fb393b8981be17,valid,
gen2/meshy/aquatic_squid_mv2/static_normal.png,2048,2048,629af82b001222cf001e21bb69e35e77a935a11d34ec17283cf1873b0a3192c4,valid,
gen2/meshy/aquatic_starfish/static_Image_0.jpg,2048,2048,3a0daa1a027532168d808b7d9287b4b7c2a4db3dcf1a3c442533d4ecc078b143,valid,
gen2/meshy/aquatic_starfish/static_normal.png,2048,2048,479646f1dac64eb0d8f4e2c1ca798d2587ff5e93c710882467509644f9527bd8,valid,
gen2/meshy/aquatic_stingray_mv2/static_Image_0.jpg,2048,2048,4a066bdb3a52c5430e385da133bc90b06c84076ac04f2b766621f5cd1b93b639,valid,
gen2/meshy/aquatic_stingray_mv2/static_normal.png,2048,2048,a066b35662f1283e91adea04ce3839f807c7d31d3c7c07e4b0c6af6e47aed406,valid,
gen2/meshy/aquatic_turtle_mv/static_Image_0.jpg,2048,2048,a8a34208721971f65c28c7487d36f74b0732e6d8a414dc5b32dc0aec5fdb0339,valid,
gen2/meshy/aquatic_turtle_mv/static_normal.png,2048,2048,398d1d67da677d5c6780f163620d8344f428166ac9f88392ac82e64d28c4e0d5,valid,
gen2/meshy/aquatic_whale_mv2/static_Image_0.jpg,2048,2048,a304962ca5f9c37a15863d60c0c117dc58033c56a90b41fa2bfba99d6a736f96,valid,
gen2/meshy/aquatic_whale_mv2/static_normal.png,2048,2048,75310ab36253431ad5cad67713a840c6fa64f9dfc4587a660e7011a4f4a034e1,valid,
gen2/meshy/fairy_playable/static_Image_0.jpg,2048,2048,6f2182bee3ac4bc562721d8e50daeb90805ce59788c8d4105f51ff80c2fe2c8b,valid,
gen2/meshy/fairy_playable/static_normal.png,2048,2048,f7af4a6b926a7e30d35787bf9fccc397819315bb8c3831a968882aefa81c6e28,valid,
gen2/meshy/fairy_v2/static_Image_0.jpg,2048,2048,568f481517bb0e91346623b79c54f278d86c69d9f99371481af9d4722a6c6e87,valid,
gen2/meshy/fairy_v2/static_normal.png,2048,2048,8279969fbc59508bca3a9ca743c8d022fa2dd462c9e54dc6001e88271e550ca2,valid,
gen2/meshy/huluu_playable/static_Image_0.jpg,2048,2048,cb679cb2eb536e6a1a8a01caa27b097e93a3d446a36ee3b11f254c8fdfd611d3,valid,
gen2/meshy/huluu_playable/static_normal.png,2048,2048,3a6da82a51fd2909934380aab48a1c29f7bf617a9892a11389d9bb3bbbf0f711,valid,
gen2/meshy/kits_merry_go_round/static_Image_0.jpg,2048,2048,51cbd7ce59728bb986aa9dfd7062785552c17fb3a7420d6c1f309ac4b264f30b,valid,
gen2/meshy/kits_merry_go_round/static_normal.png,2048,2048,5a5db69b94c1e5cfbcbd9f8db14728f25044fa101060a347ecd25bc697be987a,valid,
gen2/meshy/kits_merry_go_round_r3/static_Image_0.jpg,2048,2048,7ed0ec38f9a0f8acb5e90ea4a4a6a9cae250b5d0fe26697b79eee6ae50adcc5d,valid,
gen2/meshy/kits_merry_go_round_r3/static_normal.png,2048,2048,e57404c6ed4d5204478c1d509e666c3d0df95e1c9bccf304f1434cf6f42d793e,valid,
gen2/meshy/kits_sandbox_round_decorated/static_Image_0.jpg,2048,2048,60f60ba1319b12bcf7b7c2954d47666f2981925b8cd6cd487bb27cea41a9772f,valid,
gen2/meshy/kits_sandbox_round_decorated/static_normal.png,2048,2048,27e5ed507d592ad2ef59933ef66fd4f49b59c7d9f44e147140ccf4fee0dc9b05,valid,
gen2/meshy/kits_seesaw_large/static_Image_0.jpg,2048,2048,8a279a323d7c311d3b2328daee8a5da19794d7819d1b4970f41048674618ebd1,valid,
gen2/meshy/kits_seesaw_large/static_normal.png,2048,2048,2165a2e007e40bfd12d47d6bb1cae8be2318f7097e4d9c71156e6c2f0772a805,valid,
gen2/meshy/kits_seesaw_large_r3/static_Image_0.jpg,2048,2048,c624ca678eff778e733e1636db6f821ca48e78b6562f8002c6060eb7b4599135,valid,
gen2/meshy/kits_seesaw_large_r3/static_normal.png,2048,2048,4a5d5703a326ff9b7eda3957acf9416f0bd40598a3ede83421c93532c8f973ec,valid,
gen2/meshy/kits_slide_a/static_Image_0.jpg,2048,2048,c0be3bca18a5658f0f8012811c27e6d1f40cb3b4c3a64633826b269448ae0620,valid,
gen2/meshy/kits_slide_a/static_normal.png,2048,2048,8a8419cd7c13bba627d73715654cfde4841477db55e9b37f2226f42f8b8a2a20,valid,
gen2/meshy/kits_spring_horse_a/static_Image_0.jpg,2048,2048,2ef756c4a00c87d2ce93e712b31ed0b5dbc57d58481544bc9965c44843489158,valid,
gen2/meshy/kits_spring_horse_a/static_normal.png,2048,2048,1b19b4c4afb4dba14e41a8a5e165d8dc33033025f2d025939e125dc20ac41fea,valid,
gen2/meshy/kits_spring_horse_a_r3/static_Image_0.jpg,2048,2048,c43b690bb2754a5da0f24e7a3ec3e778086a07dabd1f65a3abf0742c418fc40c,valid,
gen2/meshy/kits_spring_horse_a_r3/static_normal.png,2048,2048,8999193601b33a6ffca8138fe5b20d25f653c143075dd3c2f8e50d852bc760a4,valid,
gen2/meshy/kits_swing_a_large/static_Image_0.jpg,2048,2048,1119c03c923e292229d822f9d245b95ca36c3a43bbbb2c9728b8838c87eea3bd,valid,
gen2/meshy/kits_swing_a_large/static_normal.png,2048,2048,b4445ee1089e8e50556f0463adca4ee1a555f75932a85a7e274d952664e5aa8a,valid,
gen2/meshy/nature_tree_default_fall/static_Image_0.jpg,2048,2048,7a83f0a596bebc26fc13fbfdd259960e129c82af009418cad5b21a13883caa2e,valid,
gen2/meshy/nature_tree_default_fall/static_normal.png,2048,2048,c725f5b1a0a024b171322f8b716a674b88951d42df3129ea842fb6e1fae86e8e,valid,
gen2/meshy/nature_tree_fat/static_Image_0.jpg,2048,2048,8fe5fb962fc6de7162d8a18cba98708c0207846707057bdfcb217504567eb2a3,valid,
gen2/meshy/nature_tree_fat/static_normal.png,2048,2048,8094fdd48ccd3512aad99952ffe2df40572358156272b2d8c5d6bc197bda4d66,valid,
gen2/meshy/nature_tree_palm/static_Image_0.jpg,2048,2048,69fdb0a84a68041411d53d8dea6232c8e3573bd365ac9bdd7a1e4123ca8b988e,valid,
gen2/meshy/nature_tree_palm/static_normal.png,2048,2048,7cef1ea5fe06f13dd58d1c7bfc1dd1adc2f12d7e432a9788cb85a548871b9bb1,valid,
gen2/meshy/nature_tree_simple_fall/static_Image_0.jpg,2048,2048,57905fa17343b9bbeedc5d107ef92b67bbdc3a975ac9a779a6076bd694a5b6d0,valid,
gen2/meshy/nature_tree_simple_fall/static_normal.png,2048,2048,9dddfc8e7647155cd16121f1f5e6e7cc9c4c229fd670051bf20eacfc96b61cf7,valid,
gen2/meshy/prop_coral3/static_Image_0.jpg,2048,2048,167dd6ba4dba988aa919568f3880afbf628764fc5e0d0f4dce1464f9bdfdb95d,valid,
gen2/meshy/prop_coral3/static_normal.png,2048,2048,55c37e98101bcc964f6ac80bb347cb4fa775addb2bece86e614b4f5212c74ac2,valid,
gen2/meshy/prop_rock_largea/static_Image_0.jpg,2048,2048,de2789a78b3d3eaf96a63e7f36c04990bdf82bcd3f2cb7268f5d5d0d1548d123,valid,
gen2/meshy/prop_rock_largea/static_normal.png,2048,2048,d25a211e05f7ab967e094cd672196d561407261836958c3ce296618ee52a9fea,valid,
gen2/meshy/prop_tree_pineroundf/static_Image_0.jpg,2048,2048,489b07ae7452776fc6eec95bd3af512fa9185f71d55daef33cdb294009538040,valid,
gen2/meshy/prop_tree_pineroundf/static_normal.png,2048,2048,6f71fcf0f4fcb71cecaf660fa22616ab400ac99e3ce80208cbff5df73bbe2b8a,valid,
gen2/meshy/roshan_playable/static_Image_0.jpg,2048,2048,702191b44f4e41ed1acdab1177c6f0f5a1c5acd88e6f22fff666c97aef91447f,valid,
gen2/meshy/roshan_playable/static_normal.png,2048,2048,d1180c78efd3239f17cfd58e3be69c62f9d3050566f547d25b933c70e0f966d9,valid,
gen2/meshy/roshan_v2/static_Image_0.jpg,2048,2048,4788c89ce36a08fc5c7e037c74c33ad167af0d6340a7cf68a14b4071ff7319c8,valid,
gen2/meshy/roshan_v2/static_normal.png,2048,2048,78dce023a3a4889dbd797e2da0038bfaf02668f24870c87cc7ef24733707b10b,valid,
gen2/turnarounds/aquatic_clownfish/back.png,1024,1024,b3df91ad1ef5ef67fc2622d4fa57a8ff67fc632d96f87abca79c94f3b6a3490a,valid,
gen2/turnarounds/aquatic_clownfish/front.png,1024,1024,cde77658bd5e43851d2ce76c7b01fb918691e3f5fc3b849ca371bbda8646b106,valid,
gen2/turnarounds/aquatic_clownfish/side.png,1024,1024,7cd2ae50f634eab122b5bba6d83312bbbb8e3b243ae374826dc672afcac25c69,valid,
gen2/turnarounds/aquatic_clownfish/source.webp,1024,1024,a257f60601816c1aa413deede2e7e7a8aefe6194fa401bdaf66e9412127552ed,valid,
gen2/turnarounds/aquatic_crab/back.png,1024,1024,4d157f6d6d3fa969f4e8cc238117465db096109af22102dc15e995635ea37009,valid,
gen2/turnarounds/aquatic_crab/front.png,1024,1024,5f5818d7584ebf2a58a9bffd211d68f82c441e46a05c1f5c0082573ea12adaa4,valid,
gen2/turnarounds/aquatic_crab/side.png,1024,1024,ea698bc7c4adfa78aa83a9b63506d496e0457fe52803c0d151ce9bfe56cb505c,valid,
gen2/turnarounds/aquatic_crab/source.webp,1024,1024,9753b8a6a1977fe6d8c426e65de4b4a3ed2d1e4ebe15d191e0923f63fb980b55,valid,
gen2/turnarounds/aquatic_dolphin/back.png,1024,1024,96bb2c9e47a9cc7d2874f9f8a9ef54edd5803edc45a363e53483e0420026e344,valid,
gen2/turnarounds/aquatic_dolphin/front.png,1024,1024,f6fdbb77aaad6a269dd683b2c07b89c29e6dfeeaa290030cee6926599986936f,valid,
gen2/turnarounds/aquatic_dolphin/side.png,1024,1024,c3bded5a118cb9897f1c4d5fc2c46df9644572dc5d2ab30916f72e58eb028427,valid,
gen2/turnarounds/aquatic_dolphin/source.webp,1024,1024,a06228447636ea88fb6b9a7f7b7644e73b6a449201a6fa49fae31d1244abd996,valid,
gen2/turnarounds/aquatic_hammerhead/back.png,1024,1024,0519ec3bcb5c3fd806761fcbc9022a2104b53d8482239e22425c657091b3b816,valid,
gen2/turnarounds/aquatic_hammerhead/front.png,1024,1024,14f34425f5df4e4cbd8773428e9416e91011983514fe35e2b33a9ab9825c478b,valid,
gen2/turnarounds/aquatic_hammerhead/side.png,1024,1024,27e474cfb53ed991228590dcaaffd3481582fafee110b66ea04a3d8bd036e3f2,valid,
gen2/turnarounds/aquatic_hammerhead/source.webp,1024,1024,a2b4edab2745059fa5a91a3739c94655bc7e49eaf986d38912d1dd52e495d432,valid,
gen2/turnarounds/aquatic_lobster/back.png,1024,1024,e276895b07e45195e8fe7ad1041d1719a88eb04077517960b02ed9b0f9b75ad0,valid,
gen2/turnarounds/aquatic_lobster/front.png,1024,1024,b030275c933efed7d423b44c2e81beca9572cd558d8da17348e51ece06cbbf1a,valid,
gen2/turnarounds/aquatic_lobster/side.png,1024,1024,0c2b20b0480af063f922d42037fe43d35d537a0f0c8d26e3d7e072a6daafb761,valid,
gen2/turnarounds/aquatic_lobster/source.webp,1024,1024,573537d11de40c49623e2fff77a66ae1e37287d35cef88952f7a6eb07265a9a1,valid,
gen2/turnarounds/aquatic_octopus/back.png,1024,1024,86ebc1b1adae989d6972e82f2fd75d5a8749f6034f8f806a9f3f548d7d0a4057,valid,
gen2/turnarounds/aquatic_octopus/front.png,1024,1024,02d8642820fd5756c6b4e49f4e44226d55c175e44cf50887df91ffd13e703d6b,valid,
gen2/turnarounds/aquatic_octopus/side.png,1024,1024,75b66386f3a0973c89c93209ecaeefd52ea886ca8a3a464009f257fe0c30a038,valid,
gen2/turnarounds/aquatic_octopus/source.webp,1024,1024,4c4b2c8112e428546e50ec2f52d5ce6da1787aa21071dd51e2d04ea0447fa762,valid,
gen2/turnarounds/aquatic_penguin/back.png,1024,1024,29a774b74acacf22366d34536b04261012edf2bc1abf884e79dc68cf6bfa2c7e,valid,
gen2/turnarounds/aquatic_penguin/front.png,1024,1024,27deafcbcf3cfb81d26bc1d8849389596f26c49812e893809c474b6c90393eed,valid,
gen2/turnarounds/aquatic_penguin/side.png,1024,1024,e63ed018ad0a722c7f31feccbbffe529c43e508b564e76124e82ec7f38e9cdb5,valid,
gen2/turnarounds/aquatic_penguin/source.webp,1024,1024,ae9c34b441487ea5d14f518480fe58b474def271e0a69f92ba55767273e64e09,valid,
gen2/turnarounds/aquatic_shark/back.png,1024,1024,4be36f505b52f6712c1957181e67ec77a0c834a74768f5ca4a406b8320f9bd97,valid,
gen2/turnarounds/aquatic_shark/front.png,1024,1024,b61a0a2fcc6101f4b90828d9526fc6237ab4be236e59acde7558b0f73f8aabfd,valid,
gen2/turnarounds/aquatic_shark/side.png,1024,1024,dfe788ea558dac2515c5afde9d7a08901a3201e576d10d1e032393ffea304361,valid,
gen2/turnarounds/aquatic_shark/source.webp,1024,1024,702aa1e4c1b3b72399ed2badf02afd13fed40931368ef74b349d848536a914d2,valid,
gen2/turnarounds/aquatic_squid/back.png,1024,1024,9ea4a608f8258e1cb2db9e8448384a56fc8bd100145fdba878ecbecd0707c692,valid,
gen2/turnarounds/aquatic_squid/front.png,1024,1024,e7cd00b6d9516bd22e21e8a899702ae70fcba2bfe23b2d509ce7a96b1f86858d,valid,
gen2/turnarounds/aquatic_squid/side.png,1024,1024,1bd6383265e2b58042fedb9d889c479e41acc9043f1842089c7c005af21915a8,valid,
gen2/turnarounds/aquatic_squid/source.webp,1024,1024,00e6dd535200f5cc8917d7e25f98c62e9ffdc5b61e5eb967c8727ce43f256f6e,valid,
gen2/turnarounds/aquatic_stingray/back.png,1024,1024,93fe51cdb886ad9e6a732dd1bdfb3b419b9e831c955c85d5198a62a6d1417965,valid,
gen2/turnarounds/aquatic_stingray/front.png,1024,1024,a13deef639a5dcff4e2635945bb5cecaca1cefc5b38f739c959622c20293cc23,valid,
gen2/turnarounds/aquatic_stingray/side.png,1024,1024,8b73ebdd8fe0d2bf794801c302f242be68a3e62f12a659aed112ea6efc2ab72a,valid,
gen2/turnarounds/aquatic_stingray/source.webp,1024,1024,0441942b46ab1ed351272ff9a749ce3bd6e0edfe357b9df405207b75bd23de1c,valid,
gen2/turnarounds/aquatic_turtle/back.png,1024,1024,a8dabcb6f9bd0543d49914abef50bce9d514f4551cb3a911aa4593f8e3493d5b,valid,
gen2/turnarounds/aquatic_turtle/front.png,1024,1024,d4af564d99d235c77ecfb0e29c23a1f5702d6d5ae4caa3c053341d87b57e2a35,valid,
gen2/turnarounds/aquatic_turtle/side.png,1024,1024,0ee06a3230eb147721aaea256ae19ccd3ea650d32015c9b34c52171e202b58cf,valid,
gen2/turnarounds/aquatic_turtle/source.webp,1024,1024,c05e9872b43a382bd4429363678b92952af4ad15e7db8a66414dc5cf48f1a7bb,valid,
gen2/turnarounds/aquatic_whale/back.png,1024,1024,2f73cfc7546c719fb214b8dbbbc1e3a44397207f6952535dc32781aaa6126a5f,valid,
gen2/turnarounds/aquatic_whale/front.png,1024,1024,1d196c01b199fb6edd70519856a8ca3fdc1f47e23659fb8bfa3c34b2607297d1,valid,
gen2/turnarounds/aquatic_whale/side.png,1024,1024,99c997d3bebbb34a38b32588aa2c7dbac7618ae71255ce46a91d1f9c7267c9ae,valid,
gen2/turnarounds/aquatic_whale/source.webp,1024,1024,057d9b1339831b7876ee1ee9e79accc518d1ef35d4e2cf3479a6e5c7d8daf27b,valid,
gen2/turnarounds/fairy_v2/back.png,880,1215,25892ab77db674460ba6b4ac60b05100c21d264c66e8c1d2309b592b6b028d46,valid,
gen2/turnarounds/fairy_v2/front.png,880,1215,38e54bffcf84252e566a2e847be4f2b81ec3dab259d3cb9a70968ed9c41abcab,valid,
gen2/turnarounds/fairy_v2/side.png,880,1215,23cbab85ab9d64e616b6c03a3bb10f491933b0757320e5263424fb825bba6081,valid,
gen2/turnarounds/fairy_v2/source.png,512,707,de6e97375d6cae78dbcba02ce25a7c7f81de50c43bbe66b255e2b5130142c13d,valid,
gen2/turnarounds/roshan_v2/back.png,912,1161,e926e0f2df93290d68a51b84fd70c4e6c9843ed7cdab9bc60dc4142b53f8e6d6,valid,
gen2/turnarounds/roshan_v2/front.png,912,1161,7ababe9b7d49f6fe33f7f74034a4c0ff7c851be08f24d5dd528148f0d8a99065,valid,
gen2/turnarounds/roshan_v2/side.png,912,1161,3a5119e624333ead942f8ab017eeed03218afb96da91972a3100adf51849e4b7,valid,
gen2/turnarounds/roshan_v2/source.png,512,652,cf38c4a6348f72d72bb88eafc55bf65eda8711f9a5cdba5c6a56eee0c901f04d,valid,
