role_id,area,runtime_role,current_source,baseline_score,current_post_score,current_status,focality,disposition,target_kind,failure_categories,primary_defect,replacement_contract,candidate_folder,stress_status,candidate_score_cap,owner_5_status
R001_reef_hub_overall,Reef,hub overall,scripts/main.gd,1,2.5,residual_below_4,critical,regenerate_candidate,composition_kit,repetition_tiling_or_overdraw;exposure_bloom_or_emission,Overexposure; clutter; repeated cards,Composition and lighting pass plus authored clump families,assets/full_texture_regen_2026-07-18/reef/r001_reef_hub_overall,pending,4,pending_owner_acceptance
R002_reef_portal_presentation,Reef,portal presentation,scripts/main.gd,1,3.0,residual_below_4,critical,regenerate_candidate,composition_kit,exposure_bloom_or_emission,Bloom obscures player and route,Lower emission; authored frame; clear silhouette,assets/full_texture_regen_2026-07-18/reef/r002_reef_portal_presentation,pending,4,pending_owner_acceptance
R003_reef_coral_mass_placement,Reef,coral mass placement,assets/props/gen2/coral*,1,3.5,residual_below_4,high,regenerate_candidate,composition_kit,repetition_tiling_or_overdraw,Repeated crossed cards; overdraw,Six modeled clumps with density LOD rules,assets/full_texture_regen_2026-07-18/reef/r003_reef_coral_mass_placement,pending,4,pending_owner_acceptance
R004_reef_kelp_cards,Reef,kelp cards,assets/props/gen2/kelp.png,2,3.5,residual_below_4,medium,regenerate_candidate,modeled_3d,repetition_tiling_or_overdraw;anatomy_or_identity_error,Flat repeated silhouette,Modeled ribbon clusters with controlled sway,assets/full_texture_regen_2026-07-18/reef/r004_reef_kelp_cards,pending,4,pending_owner_acceptance
R005_reef_seagrass_cards,Reef,seagrass cards,assets/props/gen2/seagrass.png,2,3.5,residual_below_4,medium,regenerate_candidate,modeled_3d,repetition_tiling_or_overdraw,Billboard repetition,Three low-poly tuft families,assets/full_texture_regen_2026-07-18/reef/r005_reef_seagrass_cards,pending,4,pending_owner_acceptance
R006_reef_rock_family,Reef,rock family,assets/props/gen2/rock*,2,3.5,residual_below_4,medium,regenerate_candidate,modeled_3d,primitive_or_generic_geometry;environment_or_biome_language,Generic generated surfaces and repetition,Authored toon rock kit with scale variants,assets/full_texture_regen_2026-07-18/reef/r006_reef_rock_family,pending,4,pending_owner_acceptance
R007_reef_caustic_ground_treatment,Reef,caustic ground treatment,assets/terrain/caustics.png,2,2.5,residual_below_4,high,regenerate_candidate,painted_2d,uncategorized_polish_gap,Noisy and competes with props,Lower contrast graphic caustics,assets/full_texture_regen_2026-07-18/reef/r007_reef_caustic_ground_treatment,pending,4,pending_owner_acceptance
R008_reef_backdrop_seamounts,Reef,backdrop seamounts,assets/terrain/backdrop_seamounts.jpg,2,2.5,residual_below_4,medium,regenerate_candidate,painted_2d,uncategorized_polish_gap,Flat distant image treatment,Layered low-cost silhouette backdrop,assets/full_texture_regen_2026-07-18/reef/r008_reef_backdrop_seamounts,pending,4,pending_owner_acceptance
R009_reef_coral_flower_hybrid,Reef,coral flower hybrid,assets/props/story/flower_coral.png,1,4.0,4_candidate_owner_review,medium,regenerate_candidate,modeled_3d,environment_or_biome_language,Mixes above-water flower and coral language,Undersea-only branching coral design,assets/full_texture_regen_2026-07-18/reef/r009_reef_coral_flower_hybrid,pending,4,pending_owner_acceptance
R010_reef_clownfish_model,Reef,clownfish model,assets/props/gen2/clownfish*,2,4.0,4_candidate_owner_review,medium,regenerate_candidate,modeled_3d,primitive_or_generic_geometry;anatomy_or_identity_error,Generic form; exact book line not required,Anatomically coherent toon fish mesh,assets/full_texture_regen_2026-07-18/reef/r010_reef_clownfish_model,pending,4,pending_owner_acceptance
R011_reef_octopus_model,Reef,octopus model,assets/props/gen2/octopus*,1,4.0,4_candidate_owner_review,high,regenerate_candidate,modeled_3d,anatomy_or_identity_error,Inaccurate anatomy,Eight-arm anatomically coherent stylized mesh,assets/full_texture_regen_2026-07-18/reef/r011_reef_octopus_model,pending,4,pending_owner_acceptance
R012_reef_shrimp_role,Reef,shrimp role,scripts/main.gd,1,4.0,4_candidate_owner_review,medium,regenerate_candidate,modeled_3d,anatomy_or_identity_error,Inaccurate anatomy,Segmented body; correct legs and antennae,assets/full_texture_regen_2026-07-18/reef/r012_reef_shrimp_role,pending,4,pending_owner_acceptance
R013_reef_jellyfish_role,Reef,jellyfish role,scripts/main.gd,1,4.0,4_candidate_owner_review,medium,regenerate_candidate,modeled_3d,primitive_or_generic_geometry;anatomy_or_identity_error,Inaccurate anatomy and generic bell,Bell and oral-arm silhouette with readable tentacles,assets/full_texture_regen_2026-07-18/reef/r013_reef_jellyfish_role,pending,4,pending_owner_acceptance
R014_sky_lagoon_world_composition,Sky Lagoon,world composition,scripts/arena/sky_lagoon.gd,1,3.0,residual_below_4,critical,regenerate_candidate,composition_kit,composition_scale_or_occlusion;environment_or_biome_language,Sparse terrain and conflicting focal scales,Landmark composition and terrain breakup pass,assets/full_texture_regen_2026-07-18/sky_lagoon/r014_sky_lagoon_world_composition,pending,4,pending_owner_acceptance
R015_sky_lagoon_main_castle,Sky Lagoon,main castle,scripts/arena/sky_lagoon.gd,0,4.0,4_candidate_owner_review,critical,regenerate_candidate,modeled_3d,primitive_or_generic_geometry,Primitive cylinders boxes and cones,Authored modular toy-castle landmark,assets/full_texture_regen_2026-07-18/sky_lagoon/r015_sky_lagoon_main_castle,pending,4,pending_owner_acceptance
R016_sky_lagoon_castle_towers,Sky Lagoon,castle towers,scripts/arena/sky_lagoon.gd,1,4.0,4_candidate_owner_review,high,regenerate_candidate,modeled_3d,primitive_or_generic_geometry;anatomy_or_identity_error,Unmodified primitive silhouette,Modeled tower variants with roof and trim profiles,assets/full_texture_regen_2026-07-18/sky_lagoon/r016_sky_lagoon_castle_towers,pending,4,pending_owner_acceptance
R017_sky_lagoon_cloud_family,Sky Lagoon,cloud family,scripts/arena/sky_lagoon.gd,1,4.0,4_candidate_owner_review,critical,regenerate_candidate,modeled_3d,uncategorized_polish_gap,Dark disc undersides; lumpy repetition,Three modeled toon cloud families,assets/full_texture_regen_2026-07-18/sky_lagoon/r017_sky_lagoon_cloud_family,pending,4,pending_owner_acceptance
R018_sky_lagoon_rainbow_route,Sky Lagoon,rainbow route,scripts/arena/sky_lagoon.gd,1,3.5,residual_below_4,high,regenerate_candidate,composition_kit,uncategorized_polish_gap,Oversized strip dominates scene,Graphic restrained path with readable destination,assets/full_texture_regen_2026-07-18/sky_lagoon/r018_sky_lagoon_rainbow_route,pending,4,pending_owner_acceptance
R019_sky_lagoon_snow_terrain,Sky Lagoon,snow terrain,scripts/arena/sky_lagoon.gd,2,3.0,residual_below_4,high,regenerate_candidate,modeled_3d,composition_scale_or_occlusion;environment_or_biome_language,Flat sparse surface,Layered snow banks rocks and edge silhouettes,assets/full_texture_regen_2026-07-18/sky_lagoon/r019_sky_lagoon_snow_terrain,pending,4,pending_owner_acceptance
R020_sky_lagoon_painting_displays,Sky Lagoon,painting displays,assets/book/hall/*,1,3.5,residual_below_4,medium,regenerate_presentation_only,modeled_3d,primitive_or_generic_geometry,Protected images used as freestanding slabs,Preserve art; rebuild frames and placement,assets/full_texture_regen_2026-07-18/sky_lagoon/r020_sky_lagoon_painting_displays,pending,4,pending_owner_acceptance
R021_sky_lagoon_train_presentation,Sky Lagoon,train presentation,scripts/arena/sky_lagoon.gd,2,3.0,residual_below_4,high,regenerate_candidate,composition_kit,composition_scale_or_occlusion;material_or_rendering_mismatch,Scale and material conflict,Unified toy-train mesh and route dressing,assets/full_texture_regen_2026-07-18/sky_lagoon/r021_sky_lagoon_train_presentation,pending,4,pending_owner_acceptance
R022_sky_lagoon_palm_repetition,Sky Lagoon,palm repetition,assets/galaxy/trop_palm*,2,3.5,residual_below_4,medium,regenerate_candidate,modeled_3d,repetition_tiling_or_overdraw;anatomy_or_identity_error,Repeated spiky silhouette,Curated variants and placement rules,assets/full_texture_regen_2026-07-18/sky_lagoon/r022_sky_lagoon_palm_repetition,pending,4,pending_owner_acceptance
R023_castle_castle_hall_overall,Castle,castle hall overall,scripts/arena/castle_hall.gd,0,3.0,residual_below_4,critical,regenerate_candidate,composition_kit,primitive_or_generic_geometry;material_or_rendering_mismatch,Box architecture; washed monochrome,Authored modular interior kit,assets/full_texture_regen_2026-07-18/castle/r023_castle_castle_hall_overall,pending,4,pending_owner_acceptance
R024_castle_wall_modules,Castle,wall modules,scripts/arena/castle_hall.gd,1,3.0,residual_below_4,critical,regenerate_candidate,modeled_3d,primitive_or_generic_geometry,Large flat boxes,Arches columns panels and baseboards,assets/full_texture_regen_2026-07-18/castle/r024_castle_wall_modules,pending,4,pending_owner_acceptance
R025_castle_stairs,Castle,stairs,scripts/arena/castle_hall.gd,0,3.0,residual_below_4,critical,regenerate_candidate,modeled_3d,primitive_or_generic_geometry,Floating slabs,Modeled stair flights landings and rails,assets/full_texture_regen_2026-07-18/castle/r025_castle_stairs,pending,4,pending_owner_acceptance
R026_castle_columns,Castle,columns,scripts/arena/castle_hall.gd,1,3.0,residual_below_4,high,regenerate_candidate,modeled_3d,primitive_or_generic_geometry,Cylinder primitives,Profiled toy-castle column family,assets/full_texture_regen_2026-07-18/castle/r026_castle_columns,pending,4,pending_owner_acceptance
R027_castle_doors,Castle,doors,scripts/arena/castle_hall.gd,1,3.0,residual_below_4,high,regenerate_candidate,modeled_3d,primitive_or_generic_geometry,Flat boxes without authored frames,Rounded door and frame kit,assets/full_texture_regen_2026-07-18/castle/r027_castle_doors,pending,4,pending_owner_acceptance
R028_castle_throne_room_presentation,Castle,throne room presentation,scripts/arena/castle_hall.gd,1,3.0,residual_below_4,critical,regenerate_candidate,composition_kit,primitive_or_generic_geometry;composition_scale_or_occlusion,Sparse primitive room,Authored dais canopy trim and focal lighting,assets/full_texture_regen_2026-07-18/castle/r028_castle_throne_room_presentation,pending,4,pending_owner_acceptance
R029_castle_throne_model,Castle,throne model,assets/castle/throne*,2,3.5,residual_below_4,high,regenerate_candidate,modeled_3d,material_or_rendering_mismatch,Source does not integrate with room style,Toonify and validate silhouette/material,assets/full_texture_regen_2026-07-18/castle/r029_castle_throne_model,pending,4,pending_owner_acceptance
R030_castle_bed_model,Castle,bed model,assets/castle/bed*,2,4.0,4_candidate_owner_review,high,regenerate_candidate,modeled_3d,primitive_or_generic_geometry;material_or_rendering_mismatch,Generic source and material mismatch,Restyled storybook bed with readable bedding,assets/full_texture_regen_2026-07-18/castle/r030_castle_bed_model,pending,4,pending_owner_acceptance
R031_castle_kitchen_room,Castle,kitchen room,scripts/arena/castle_hall.gd,1,4.0,4_candidate_owner_review,high,regenerate_candidate,modeled_3d,primitive_or_generic_geometry,Primitive prop assembly,Modeled coherent kitchen set,assets/full_texture_regen_2026-07-18/castle/r031_castle_kitchen_room,pending,4,pending_owner_acceptance
R032_castle_kitchen_counter_texture,Castle,kitchen counter texture,assets/terrain/kitchen_counter_col.jpg,2,3.5,residual_below_4,medium,regenerate_candidate,painted_2d,material_or_rendering_mismatch;missing_runtime_validation,Painted draft; not runtime validated,Keep candidate; test scale and tiling,assets/full_texture_regen_2026-07-18/castle/r032_castle_kitchen_counter_texture,pending,4,pending_owner_acceptance
R033_castle_kitchen_floor_texture,Castle,kitchen floor texture,assets/terrain/kitchen_floor_col.jpg,3,4.0,4_candidate_owner_review,medium,regenerate_candidate,painted_2d,pipeline_integrity_or_orphans,Coherent but branch-only and unvalidated,Keep candidate; Mobile screenshot review,assets/full_texture_regen_2026-07-18/castle/r033_castle_kitchen_floor_texture,pending,4,pending_owner_acceptance
R034_castle_kitchen_wood_texture,Castle,kitchen wood texture,assets/terrain/kitchen_wood_col.jpg,3,4.0,4_candidate_owner_review,medium,regenerate_candidate,painted_2d,pipeline_integrity_or_orphans,Coherent but branch-only and unvalidated,Keep candidate; inspect seams and repetition,assets/full_texture_regen_2026-07-18/castle/r034_castle_kitchen_wood_texture,pending,4,pending_owner_acceptance
R035_castle_kitchen_stove,Castle,kitchen stove,scripts/arena/castle_hall.gd,0,4.0,4_candidate_owner_review,high,regenerate_candidate,modeled_3d,primitive_or_generic_geometry,Box blockout,Modeled rounded toy stove,assets/full_texture_regen_2026-07-18/castle/r035_castle_kitchen_stove,pending,4,pending_owner_acceptance
R036_castle_kitchen_kettle,Castle,kitchen kettle,scripts/arena/castle_hall.gd,1,4.0,4_candidate_owner_review,medium,regenerate_candidate,modeled_3d,primitive_or_generic_geometry,Sphere primitive,Modeled kettle with handle lid and spout,assets/full_texture_regen_2026-07-18/castle/r036_castle_kitchen_kettle,pending,4,pending_owner_acceptance
R037_castle_kitchen_pans,Castle,kitchen pans,scripts/arena/castle_hall.gd,0,4.0,4_candidate_owner_review,medium,regenerate_candidate,modeled_3d,primitive_or_generic_geometry,Flat boxes,Modeled pan set with readable handles,assets/full_texture_regen_2026-07-18/castle/r037_castle_kitchen_pans,pending,4,pending_owner_acceptance
R038_castle_kitchen_teapot,Castle,kitchen teapot,scripts/arena/castle_hall.gd,0,4.0,4_candidate_owner_review,medium,regenerate_candidate,modeled_3d,primitive_or_generic_geometry,Flat box,Modeled storybook teapot,assets/full_texture_regen_2026-07-18/castle/r038_castle_kitchen_teapot,pending,4,pending_owner_acceptance
R039_castle_kitchen_table_and_stools,Castle,kitchen table and stools,scripts/arena/castle_hall.gd,1,4.0,4_candidate_owner_review,medium,regenerate_candidate,modeled_3d,primitive_or_generic_geometry,Cylinder blockouts,Modeled rounded table set,assets/full_texture_regen_2026-07-18/castle/r039_castle_kitchen_table_and_stools,pending,4,pending_owner_acceptance
R040_stars_dream_star,Stars,dream star,scripts/landmark_art.gd,2,4.0,4_candidate_owner_review,critical,regenerate_candidate,modeled_3d,missing_runtime_validation,Layered prism candidate; weak authored detail,Unique modeled dream-star profile and material,assets/full_texture_regen_2026-07-18/stars/r040_stars_dream_star,pending,4,pending_owner_acceptance
R041_stars_crown_star,Stars,crown star,scripts/landmark_art.gd,2,4.0,4_candidate_owner_review,critical,regenerate_candidate,modeled_3d,missing_runtime_validation,Layered prism candidate; weak crown integration,Unique crown-star silhouette,assets/full_texture_regen_2026-07-18/stars/r041_stars_crown_star,pending,4,pending_owner_acceptance
R042_stars_star_chamber_focal,Stars,star chamber focal,scripts/landmark_art.gd,1,4.0,4_candidate_owner_review,critical,regenerate_candidate,modeled_3d,missing_runtime_validation,Focal presentation not readable in capture,Recompose chamber and rebuild focal star,assets/full_texture_regen_2026-07-18/stars/r042_stars_star_chamber_focal,pending,4,pending_owner_acceptance
R043_butterfly_world_world_overall,Butterfly World,world overall,scripts/main.gd,1,2.5,residual_below_4,critical,regenerate_candidate,composition_kit,primitive_or_generic_geometry;composition_scale_or_occlusion;repetition_tiling_or_overdraw,Sparse sphere and repeated palms,Authored garden planet biome,assets/full_texture_regen_2026-07-18/butterfly_world/r043_butterfly_world_world_overall,pending,4,pending_owner_acceptance
R044_butterfly_world_planet_surface,Butterfly World,planet surface,scripts/main.gd,1,2.5,residual_below_4,high,regenerate_candidate,painted_2d,primitive_or_generic_geometry,Broad generic sphere texture,Modeled terrain patches and garden paths,assets/full_texture_regen_2026-07-18/butterfly_world/r044_butterfly_world_planet_surface,pending,4,pending_owner_acceptance
R045_butterfly_world_home_gate,Butterfly World,home gate,scripts/landmark_art.gd,1,4.0,4_candidate_owner_review,critical,regenerate_candidate,modeled_3d,primitive_or_generic_geometry;composition_scale_or_occlusion;anatomy_or_identity_error,Slab wings; occluded/incoherent orientation,Book-derived complete butterfly gate mesh,assets/full_texture_regen_2026-07-18/butterfly_world/r045_butterfly_world_home_gate,pending,4,pending_owner_acceptance
R046_butterfly_world_inter_world_gate,Butterfly World,inter-world gate,scripts/landmark_art.gd,1,4.0,4_candidate_owner_review,critical,regenerate_candidate,modeled_3d,primitive_or_generic_geometry;anatomy_or_identity_error,Primitive focal silhouette,Paired articulated wings and readable body,assets/full_texture_regen_2026-07-18/butterfly_world/r046_butterfly_world_inter_world_gate,pending,4,pending_owner_acceptance
R047_butterfly_world_gate_transition_composition,Butterfly World,gate transition composition,scripts/main.gd,0,4.0,4_candidate_owner_review,critical,regenerate_candidate,composition_kit,composition_scale_or_occlusion,Planet occludes frame; gate placement fails,Validate both approach and transition cameras,assets/full_texture_regen_2026-07-18/butterfly_world/r047_butterfly_world_gate_transition_composition,pending,4,pending_owner_acceptance
R048_butterfly_world_butterfly_environment_family,Butterfly World,butterfly environment family,assets/props/gen2/butterfly*,2,4.0,4_candidate_owner_review,high,regenerate_candidate,modeled_3d,anatomy_or_identity_error,Incomplete or weak animation structure,Complete dorsal designs with separate wings,assets/full_texture_regen_2026-07-18/butterfly_world/r048_butterfly_world_butterfly_environment_family,pending,4,pending_owner_acceptance
R049_dungeon_combat_arena_overall,Dungeon,combat arena overall,scripts/combat_arena.gd,3,4.0,4_candidate_owner_review,critical,regenerate_candidate,composition_kit,uncategorized_polish_gap,Authored shell-stone arena verified in Mobile gameplay,Owner review at near and mid distance before 4/5,assets/full_texture_regen_2026-07-18/dungeon/r049_dungeon_combat_arena_overall,pending,4,pending_owner_acceptance
R050_dungeon_arena_floor,Dungeon,arena floor,scripts/combat_arena.gd,3,4.0,4_candidate_owner_review,high,regenerate_candidate,painted_2d,uncategorized_polish_gap,Raised rings shell medallion and diamond mosaic verified in gameplay,Owner review and variation polish before 4/5,assets/full_texture_regen_2026-07-18/dungeon/r050_dungeon_arena_floor,pending,4,pending_owner_acceptance
R051_dungeon_arena_walls,Dungeon,arena walls,scripts/combat_arena.gd,3,4.0,4_candidate_owner_review,high,regenerate_candidate,modeled_3d,primitive_or_generic_geometry,Scalloped masonry and coral-glass buttresses replace box walls,Owner review from every room palette before 4/5,assets/full_texture_regen_2026-07-18/dungeon/r051_dungeon_arena_walls,pending,4,pending_owner_acceptance
R052_dungeon_standard_enemies,Dungeon,standard enemies,scripts/combat_arena.gd,3,4.0,4_candidate_owner_review,critical,regenerate_candidate,modeled_3d,primitive_or_generic_geometry;anatomy_or_identity_error,Complete finned imp silhouette replaces sphere placeholder,Owner animation and distance review before 4/5,assets/full_texture_regen_2026-07-18/dungeon/r052_dungeon_standard_enemies,pending,4,pending_owner_acceptance
R053_dungeon_boss,Dungeon,boss,scripts/combat_arena.gd,3,4.0,4_candidate_owner_review,critical,regenerate_candidate,modeled_3d,uncategorized_polish_gap,Complete dragon-turtle and readable spinning shell verified in both phases,Owner animation and close-view review before 4/5,assets/full_texture_regen_2026-07-18/dungeon/r053_dungeon_boss,pending,4,pending_owner_acceptance
R054_dungeon_pepper_projectile,Dungeon,pepper projectile,scripts/combat_arena.gd,1,4.0,4_candidate_owner_review,medium,regenerate_candidate,modeled_3d,primitive_or_generic_geometry,Primitive token,Modeled readable pepper projectile,assets/full_texture_regen_2026-07-18/dungeon/r054_dungeon_pepper_projectile,pending,4,pending_owner_acceptance
R055_dungeon_basket,Dungeon,basket,scripts/combat_arena.gd,3,4.0,4_candidate_owner_review,medium,regenerate_candidate,modeled_3d,uncategorized_polish_gap,Modeled weave handle peppers and stems verified in boss gameplay,Owner close-view review before 4/5,assets/full_texture_regen_2026-07-18/dungeon/r055_dungeon_basket,pending,4,pending_owner_acceptance
R056_dungeon_puzzle_room_overall,Dungeon,puzzle room overall,scripts/dungeon_puzzle_room.gd,3,4.0,4_candidate_owner_review,critical,regenerate_candidate,composition_kit,uncategorized_polish_gap,Authored arena door props and sculpted picture language verified in Mobile gameplay,Owner review across all six puzzle configurations before 4/5,assets/full_texture_regen_2026-07-18/dungeon/r056_dungeon_puzzle_room_overall,pending,4,pending_owner_acceptance
R057_dungeon_puzzle_door,Dungeon,puzzle door,scripts/dungeon_puzzle_room.gd,3,4.0,4_candidate_owner_review,high,regenerate_candidate,modeled_3d,primitive_or_generic_geometry,Shell-crown door and star lock replace flat box,Owner opening-animation review before 4/5,assets/full_texture_regen_2026-07-18/dungeon/r057_dungeon_puzzle_door,pending,4,pending_owner_acceptance
R058_dungeon_crystal_pads,Dungeon,crystal pads,scripts/dungeon_puzzle_room.gd,3,4.0,4_candidate_owner_review,high,regenerate_candidate,modeled_3d,uncategorized_polish_gap,Faceted pedestals pearl rims and distinct picture tops verified in gameplay,Owner close-view review before 4/5,assets/full_texture_regen_2026-07-18/dungeon/r058_dungeon_crystal_pads,pending,4,pending_owner_acceptance
R059_dungeon_puzzle_crystals,Dungeon,puzzle crystals,scripts/dungeon_puzzle_room.gd,3,4.0,4_candidate_owner_review,high,regenerate_candidate,modeled_3d,primitive_or_generic_geometry,Modeled diamond orb and triangle family replaces generic tokens,Owner material review before 4/5,assets/full_texture_regen_2026-07-18/dungeon/r059_dungeon_puzzle_crystals,pending,4,pending_owner_acceptance
R060_dungeon_torch_family,Dungeon,torch family,scripts/dungeon_puzzle_room.gd,3,4.0,4_candidate_owner_review,medium,regenerate_candidate,modeled_3d,primitive_or_generic_geometry,Leafed pepper lantern with modeled glow replaces cylinder torch,Owner review across all height variants before 4/5,assets/full_texture_regen_2026-07-18/dungeon/r060_dungeon_torch_family,pending,4,pending_owner_acceptance
R061_dungeon_shell_props,Dungeon,shell props,scripts/dungeon_puzzle_room.gd,3,4.0,4_candidate_owner_review,medium,regenerate_candidate,modeled_3d,uncategorized_polish_gap,Complete turtle statues and inlaid stepping stones replace approximations,Owner room-wide repetition review before 4/5,assets/full_texture_regen_2026-07-18/dungeon/r061_dungeon_shell_props,pending,4,pending_owner_acceptance
R062_dungeon_puzzle_symbols,Dungeon,puzzle symbols,scripts/dungeon_puzzle_room.gd,3,4.0,4_candidate_owner_review,high,regenerate_candidate,modeled_3d,uncategorized_polish_gap,Eleven sculpted non-reading pictograms replace font labels,Owner recognition review before 4/5,assets/full_texture_regen_2026-07-18/dungeon/r062_dungeon_puzzle_symbols,pending,4,pending_owner_acceptance
R063_kart_kart_world_overall,Kart,kart world overall,scripts/kart.gd,1,3.0,residual_below_4,critical,regenerate_candidate,composition_kit,composition_scale_or_occlusion;repetition_tiling_or_overdraw;exposure_bloom_or_emission,Bloom clutter and scale conflict,Showcase and track composition pass,assets/full_texture_regen_2026-07-18/kart/r063_kart_kart_world_overall,pending,4,pending_owner_acceptance
R064_kart_vehicle_selection_pads,Kart,vehicle selection pads,scripts/kart.gd,1,4.0,4_candidate_owner_review,high,regenerate_candidate,modeled_3d,primitive_or_generic_geometry;anatomy_or_identity_error,Generic glowing pads,Modeled toy garage plinths,assets/full_texture_regen_2026-07-18/kart/r064_kart_vehicle_selection_pads,pending,4,pending_owner_acceptance
R065_kart_track_barriers,Kart,track barriers,scripts/kart.gd,1,4.0,4_candidate_owner_review,high,regenerate_candidate,modeled_3d,primitive_or_generic_geometry;repetition_tiling_or_overdraw,Repeated primitive barriers,Authored modular soft barrier kit,assets/full_texture_regen_2026-07-18/kart/r065_kart_track_barriers,pending,4,pending_owner_acceptance
R066_kart_boost_ribbon,Kart,boost ribbon,assets/kart/boost_ribbon.png,2,3.5,residual_below_4,medium,regenerate_candidate,painted_2d,primitive_or_generic_geometry,Generic strip presentation,Graphic boost marks integrated into track,assets/full_texture_regen_2026-07-18/kart/r066_kart_boost_ribbon,pending,4,pending_owner_acceptance
R067_kart_finish_banner,Kart,finish banner,assets/kart/finish_banner.png,2,4.0,4_candidate_owner_review,high,regenerate_candidate,painted_2d,missing_runtime_validation,Flat banner candidate,Modeled finish arch and readable textile,assets/full_texture_regen_2026-07-18/kart/r067_kart_finish_banner,pending,4,pending_owner_acceptance
R068_kart_coral_dressing,Kart,coral dressing,scripts/kart.gd,1,3.5,residual_below_4,high,regenerate_candidate,modeled_3d,composition_scale_or_occlusion,Large cards block camera,Low-profile modeled clumps and sightline rules,assets/full_texture_regen_2026-07-18/kart/r068_kart_coral_dressing,pending,4,pending_owner_acceptance
R069_kart_gokart_source,Kart,gokart source,assets/vehicles,2,3.0,residual_below_4,high,regenerate_candidate,modeled_3d,composition_scale_or_occlusion;material_or_rendering_mismatch;missing_runtime_validation,Runtime material and scale unverified,Vehicle-specific toonify and showcase review,assets/full_texture_regen_2026-07-18/kart/r069_kart_gokart_source,pending,4,pending_owner_acceptance
R070_kart_monster_truck_source,Kart,monster truck source,assets/vehicles/monstertruck*,2,3.0,residual_below_4,high,regenerate_candidate,modeled_3d,material_or_rendering_mismatch,Atlas style mismatch,Restyle materials and verify mobile silhouette,assets/full_texture_regen_2026-07-18/kart/r070_kart_monster_truck_source,pending,4,pending_owner_acceptance
R071_picture_games_coal,Picture Games,coal,assets/mg/coal.png,1,4.0,4_candidate_owner_review,medium,regenerate_candidate,painted_2d,primitive_or_generic_geometry,Generic low-poly rock render,Simple illustrated coal matching book shading,assets/full_texture_regen_2026-07-18/picture_games/r071_picture_games_coal,pending,4,pending_owner_acceptance
R072_picture_games_star,Picture Games,star,assets/mg/star.png,2,4.0,4_candidate_owner_review,medium,regenerate_candidate,painted_2d,primitive_or_generic_geometry,Generic layered star render,Hand-painted graphic star,assets/full_texture_regen_2026-07-18/picture_games/r072_picture_games_star,pending,4,pending_owner_acceptance
R073_picture_games_sun,Picture Games,sun,assets/mg/sun.png,1,4.0,4_candidate_owner_review,medium,regenerate_candidate,painted_2d,uncategorized_polish_gap,Circle with oval rays,Book-style sun with coherent line weight,assets/full_texture_regen_2026-07-18/picture_games/r073_picture_games_sun,pending,4,pending_owner_acceptance
R074_picture_games_tree,Picture Games,tree,assets/mg/tree.png,1,4.0,4_candidate_owner_review,medium,regenerate_candidate,painted_2d,primitive_or_generic_geometry,Clustered sphere tree,Book-style complete tree silhouette,assets/full_texture_regen_2026-07-18/picture_games/r074_picture_games_tree,pending,4,pending_owner_acceptance
R075_picture_games_christmas_tree,Picture Games,christmas tree,assets/mg/xtree.png,1,4.0,4_candidate_owner_review,medium,regenerate_candidate,painted_2d,uncategorized_polish_gap,Layered cone tree; role duplicates decorated tree,Choose one functional base and ornament system,assets/full_texture_regen_2026-07-18/picture_games/r075_picture_games_christmas_tree,pending,4,pending_owner_acceptance
R076_picture_games_decorated_christmas_tree,Picture Games,decorated christmas tree,assets/mg/k_xmastree.png,2,4.0,4_candidate_owner_review,medium,regenerate_candidate,painted_2d,uncategorized_polish_gap,Functional overlap unclear,Use only if ornaments are baked and no decoration play,assets/full_texture_regen_2026-07-18/picture_games/r076_picture_games_decorated_christmas_tree,pending,4,pending_owner_acceptance
R077_picture_games_bush,Picture Games,bush,assets/mg/k_bush2.png,1,4.0,4_candidate_owner_review,medium,regenerate_candidate,painted_2d,primitive_or_generic_geometry,Generic low-poly ball bush,Painted garden bush with authored leaf masses,assets/full_texture_regen_2026-07-18/picture_games/r077_picture_games_bush,pending,4,pending_owner_acceptance
R078_picture_games_fish_body,Picture Games,fish body,assets/mg/fish_body.png,1,4.0,4_candidate_owner_review,high,regenerate_candidate,painted_2d,uncategorized_polish_gap,Ellipse body and triangle tail,Anatomically coherent stylized fish body,assets/full_texture_regen_2026-07-18/picture_games/r078_picture_games_fish_body,pending,4,pending_owner_acceptance
R079_picture_games_fish_fins,Picture Games,fish fins,assets/mg/fish_fins.png,1,4.0,4_candidate_owner_review,high,regenerate_candidate,painted_2d,primitive_or_generic_geometry,Disconnected generic pieces,Animation-ready matching fin set,assets/full_texture_regen_2026-07-18/picture_games/r079_picture_games_fish_fins,pending,4,pending_owner_acceptance
R080_picture_games_butterfly,Picture Games,butterfly,assets/mg/butterfly.png,1,4.0,4_candidate_owner_review,high,regenerate_candidate,painted_2d,anatomy_or_identity_error,Incomplete/poor animation design,Complete book-derived dorsal butterfly layers,assets/full_texture_regen_2026-07-18/picture_games/r080_picture_games_butterfly,pending,4,pending_owner_acceptance
R081_picture_games_carrot,Picture Games,carrot,assets/mg/carrot.png,5,5.0,source_locked_5,medium,exclude_protected,painted_2d,uncategorized_polish_gap,Original book art,Preserve exactly,assets/full_texture_regen_2026-07-18/picture_games/r081_picture_games_carrot,not_applicable,5.0,not_applicable
R082_picture_games_watering_can,Picture Games,watering can,assets/mg/wateringcan.png,5,5.0,source_locked_5,medium,exclude_protected,painted_2d,uncategorized_polish_gap,Original book art,Preserve exactly,assets/full_texture_regen_2026-07-18/picture_games/r082_picture_games_watering_can,not_applicable,5.0,not_applicable
R083_picture_games_cat_parts,Picture Games,cat parts,assets/mg/cat_*.png,1,1.0,protected_manual_only,high,exclude_protected,painted_2d,uncategorized_polish_gap,Human review rejects style; protected generation zone,Child-toy/manual source only,assets/full_texture_regen_2026-07-18/picture_games/r083_picture_games_cat_parts,not_applicable,1.0,not_applicable
R084_picture_games_ornament_set,Picture Games,ornament set,assets/mg/orn*.png,2,4.0,4_candidate_owner_review,medium,regenerate_candidate,painted_2d,primitive_or_generic_geometry,Generic bulbs; unclear functional relationship,Retain only as interactive detachable ornaments,assets/full_texture_regen_2026-07-18/picture_games/r084_picture_games_ornament_set,pending,4,pending_owner_acceptance
R085_development_alpine_interiors,Development,alpine interiors,origin/codex/alpine-house-interiors,2,2.0,residual_below_4,high,regenerate_candidate,modeled_3d,missing_runtime_validation,Not reviewed in representative room captures,Add capture matrix and item-level ledger before merge,assets/full_texture_regen_2026-07-18/development/r085_development_alpine_interiors,pending,4,pending_owner_acceptance
R086_development_northern_kingdom_additions,Development,northern kingdom additions,active branches,2,3.0,residual_below_4,high,regenerate_candidate,modeled_3d,missing_runtime_validation,Unverified runtime art,Run same capture and scoring gate,assets/full_texture_regen_2026-07-18/development/r086_development_northern_kingdom_additions,pending,4,pending_owner_acceptance
R087_development_undersea_additions,Development,undersea additions,active branches,2,3.5,residual_below_4,high,regenerate_candidate,modeled_3d,composition_scale_or_occlusion;missing_runtime_validation,Promising direction but unverified at mass placement,Review anatomy repetition and gameplay sightlines,assets/full_texture_regen_2026-07-18/development/r087_development_undersea_additions,pending,4,pending_owner_acceptance
R088_pipeline_generated_provenance_integrity,Pipeline,generated provenance integrity,gen2/generated and gen2/turnarounds,0,2.0,residual_below_4,high,regenerate_candidate,pipeline_repair,pipeline_integrity_or_orphans,Numerous invalid/corrupt image files break clean import,Integrity scan quarantine and regenerate valid source files,assets/full_texture_regen_2026-07-18/pipeline/r088_pipeline_generated_provenance_integrity,pending,4,pending_owner_acceptance
